Summons Number,Plate ID,Registration State,Plate Type,Issue Date,Violation Code,Vehicle Body Type,Vehicle Make,Issuing Agency,Street Code1,Street Code2,Street Code3,Vehicle Expiration Date,Violation Location,Violation Precinct,Issuer Precinct,Issuer Code,Issuer Command,Issuer Squad,Violation Time,Time First Observed,Violation County,Violation In Front Of Or Opposite,House Number,Street Name,Intersecting Street,Date First Observed,Law Section,Sub Division,Violation Legal Code,Days Parking In Effect    ,From Hours In Effect,To Hours In Effect,Vehicle Color,Unregistered Vehicle?,Vehicle Year,Meter Number,Feet From Curb,Violation Post Code,Violation Description,No Standing or Stopping Violation,Hydrant Violation,Double Parking Violation
8999051020,KGD3675,NY,PAS,09/23/2021,16,SUBN,NISSA,T,54130,80230,45030,20221103,0088,88,88,353078,T730,X1,0931A,,K,F,325,Lafayette Ave,,0,408,K2,, YYYYYY,0700A,0400P,BK,,2020,,0,01,16A-No Std (Com Veh) Non-COM,,,
8999051043,HCM7821,NY,PAS,09/28/2021,14,SUBN,VOLVO,T,54000,0,0,20211127,0094,94,94,353078,T730,X1,0846A,,K,I,W,Kent Ave,30ft S/of N 9th St,0,408,C,,YYYYYYY,,,BK,,2007,,0,01,14-No Standing,,,
8999051055,JEA4964,NY,PAS,09/28/2021,14,SUBN,JEEP,T,95030,66730,66630,20230207,0094,94,94,353078,T730,X1,0907A,,K,O,90,Wythe Ave,,0,408,C,,YYYYYYY,,,RD,,2011,,0,01,14-No Standing,,,
8999051079,KJH1346,NY,PAS,09/30/2021,14,SUBN,KIA,T,87330,93230,31530,20221209,0088,88,88,353078,T730,X1,0914A,,K,F,239,Vanderbilt Ave,,0,408,C,,SCHOOL,0700A,0400P,GY,,2012,,0,01,14-No Standing,,,
8999051092,KFD7827,NY,PAS,10/05/2021,14,SUBN,MAZDA,T,87330,93230,31530,20220721,0088,88,88,353078,T730,X1,0852A,,K,F,239,Vanderbilt Ave,,0,408,C,,SCHOOL,0700A,0400P,GY,,2019,,0,01,14-No Standing,,,
8999051109,JMJ4095,NY,PAS,10/06/2021,14,4DSD,FORD,T,87330,93230,31530,20211229,0088,88,88,353078,T730,X1,0917A,,K,F,233,Vanderbilt Ave,,0,408,C,,SCHOOL,0700A,0400P,GY,,2010,,0,01,14-No Standing,,,
8999051110,HEE9639,NY,PAS,10/08/2021,14,SUBN,HONDA,T,89930,0,0,20220308,0084,84,84,353078,T730,X1,0932A,,K,I,S,Water St,20ft W/of Gold St,0,408,C,,YYYYYYY,,,RD,,2019,,0,01,14-No Standing,,,
8999051122,KFR9294,NY,PAS,10/13/2021,14,SUBN,VOLKS,T,87330,93230,31530,20220909,0088,88,88,353078,T730,X1,0837A,,K,F,233,Vanderbilt Ave,,0,408,C,,SCHOOL,0700A,0400P,GY,,2020,,0,01,14-No Standing,,,
8999051146,JPW3582,NY,PAS,10/18/2021,14,SUBN,NISSA,T,24730,42730,13430,20220622,0088,88,88,353078,T730,X1,1115A,,K,O,468,Carlton Ave,,0,408,C,,YYYYYYY,,,BK,,2019,,0,01,14-No Standing,,,
8999051158,KHM9774,NY,PAS,10/19/2021,14,2DSD,HONDA,T,87330,93230,31530,20221129,0088,88,88,353078,T730,X1,0741A,,K,O,239,Vanderbilt Ave,,0,408,C,,SCHOOL,0700A,0400P,GY,,2020,,0,01,14-No Standing,,,
8999051160,JBB1471,NY,PAS,10/20/2021,14,2DSD,TOYOT,T,31530,89730,46630,20220710,0088,88,88,353078,T730,X1,0741A,,K,F,321,Dekalb Ave,,0,408,C,, YYYYY,0700A,1000A,BL,,2006,,0,01,14-No Standing,,,
8999051183,JJT2298,NY,PAS,10/22/2021,20,SUBN,JEEP,T,11830,41330,69230,20220610,0088,88,88,353078,T730,X1,0714A,,K,F,20,Adelphi St,,0,408,D,, YYYYY,0700A,0400P,GY,,2005,,0,01,20A-No Parking (Non-COM),,,
8999051213,GFD7593,NY,PAS,10/23/2021,16,4DSD,HYUND,T,54130,80230,45030,20230226,0088,88,88,353078,T730,L,1046A,,K,F,325,Lafayette Ave,,0,408,K2,, YYYYYY,0700A,0400P,BK,,2013,,0,01,16A-No Std (Com Veh) Non-COM,,,
8999051225,JRZ7801,NY,PAS,10/23/2021,50,4DSD,HONDA,T,0,0,0,20220528,0079,79,79,353078,T730,L,1145A,,K,I,E,Marcus Garvey Blvd,0ft S/of Halsey St,0,408,E5,,YYYYYYY,,,BK,,2020,,0,01,50-Crosswalk,,,
8999151955,HRH4775,NY,PAS,06/29/2021,17,SUBN,SUBAR,T,27050,15350,44890,20230426,0001,1,1,341149,T730,H,0225P,,NY,F,50,Murray St,,0,408,C4,, YYYYY,0700A,0700P,BK,,2015,,0,01,17-No Stand (exc auth veh),,,
8999151967,HKZ5383,NY,PAS,06/29/2021,16,SUBN,HONDA,T,27050,44890,21790,20220824,0001,1,1,341149,T730,H,0230P,,NY,F,69,Murray St,,0,408,K2,, YYYYY,0700A,0700P,RD,,2005,,0,01,16A-No Std (Com Veh) Non-COM,,,
8999152005,61167MK,NY,COM,06/29/2021,14,VAN,CHEVR,T,45340,13550,28490,88888888,0001,1,1,341149,T730,H,0657P,,NY,O,33,Whitehall St,,0,408,C,,YYYYYYY,,,WHITE,,2017,,0,01,14-No Standing,,,
8999152066,JHZ2797,NY,PAS,07/02/2021,17,SUBN,BMW,T,21790,27880,27050,20210522,0001,1,1,341149,T730,H,0359P,,NY,F,256,Greenwich St,,0,408,C4,,YYYYYYY,0700A,0700P,BK,,2016,,0,01,17-No Stand (exc auth veh),,,
8999152080,JRW2010,NY,PAS,07/02/2021,16,SUBN,AUDI,T,32940,13610,15350,20220519,0001,1,1,341149,T730,H,0512P,,NY,F,9,Warren St,,0,408,K2,, YYYYY,0700A,0600P,BL,,2020,,0,01,16A-No Std (Com Veh) Non-COM,,,
8999152091,JHE9050,NY,PAS,07/02/2021,19,SUBN,TOYOT,T,12670,13670,10015,20230429,0001,1,1,341149,T730,H,0635P,,NY,O,20,Battery Pl,,0,408,C3,,YYYYYYY,,,RD,,2011,,0,01,19-No Stand (bus stop),,,
8999152170,KLV4158,NY,PAS,07/03/2021,40,4DSD,TOYOT,T,12670,10250,45210,20230421,0001,1,1,341149,T730,H,0633P,,NY,O,90,Battery Pl,,0,408,E2,,YYYYYYY,,,BL,,2018,,0,01,40-Fire Hydrant,,,
8999152182,KJY4162,NY,PAS,07/06/2021,14,4DSD,HONDA,T,13610,27050,32940,20230303,0001,1,1,341149,T730,H,0333P,,NY,F,253,Broadway,,0,408,C,,  Y  Y,0600A,0600P,GY,,2008,,0,01,14-No Standing,,,
8999152194,KNP6123,NY,PAS,07/06/2021,17,4DSD,TOYOT,T,21790,27880,27050,20230430,0001,1,1,341149,T730,H,0345P,,NY,O,255,Greenwich St,,0,408,C4,, YYYYY,0700A,0700P,GY,,2015,,0,01,17-No Stand (exc auth veh),,,
8999152200,KKJ7539,NY,PAS,07/06/2021,17,SUBN,JEEP,T,21790,27880,27050,20230330,0001,1,1,341149,T730,H,0347P,,NY,O,255,Greenwich St,,0,408,C4,, YYYYY,0700A,0700P,WH,,2021,,0,01,17-No Stand (exc auth veh),,,
8999152212,KHV2830,NY,PAS,07/06/2021,13,4DSD,NISSA,T,30620,11510,24990,20230319,0001,1,1,341149,T730,H,0731P,,NY,F,395,South End Ave,,0,408,C1,,YYYYYYY,,,RD,,2014,,0,01,13-No Stand (taxi stand),,,
8999152224,JHG7112,NY,PAS,07/07/2021,16,4DSD,TOYOT,T,24390,24080,13430,20230409,0009,9,9,341149,T730,H,0228P,,NY,O,359,Lafayette St,,0,408,K2,, YYYYY,0700A,0600P,WH,,2019,,0,01,16A-No Std (Com Veh) Non-COM,,,
8999152248,EFJ7276,NY,PAS,07/07/2021,14,SUBN,BMW,T,32910,21090,30640,20211226,0009,9,9,341149,T730,H,0411P,,NY,O,111,Wall St,,0,408,C,,YYYYYYY,,,GY,,2008,,0,01,14-No Standing,,,
8999152250,EWS8733,NY,PAS,07/07/2021,19,SUBN,ME/BE,T,27240,32940,14710,20220124,0009,9,9,341149,T730,H,0730P,,NY,O,455,North End Ave,,0,408,C3,,YYYYYYY,,,WH,,2020,,0,01,19-No Stand (bus stop),,,
8999152261,CXF3664,NY,PAS,07/07/2021,19,4DSD,SATUR,T,27240,32940,14710,20220506,0009,9,9,341149,T730,H,0731P,,NY,O,455,North End Ave,,0,408,C3,,YYYYYYY,,,GR,,1999,,0,01,19-No Stand (bus stop),,,
8999152273,KDV7715,NY,PAS,07/07/2021,19,SUBN,MINI,T,27240,32940,14710,20220829,0009,9,9,341149,T730,H,0732P,,NY,O,455,North End Ave,,0,408,C3,,YYYYYYY,,,WH,,2019,,0,01,19-No Stand (bus stop),,,
8999152297,HZN3884,NY,PAS,07/08/2021,4,SUBN,MINI,T,11115,0,0,20220626,0001,1,1,341149,T730,H,0520P,,NY,I,E,West St,150ft S/of Murray St,0,408,L6,, YYYYYY,0700A,0700P,WH,,2016,,0,01,"04A-Downtown Bus Area, Non-Bus",,,
8999152327,KHD8312,NY,PAS,07/09/2021,16,SUBN,NISSA,T,27050,15350,44890,20230106,0001,1,1,341149,T730,H,0428P,,NY,F,50,Murray St,,0,408,K2,, YYYYYY,0400P,0700P,GY,,2017,,0,01,16A-No Std (Com Veh) Non-COM,,,
8999152339,JLR4399,NY,PAS,07/09/2021,16,SUBN,HONDA,T,27050,15350,44890,20210816,0001,1,1,341149,T730,H,0544P,,NY,F,50,Murray St,,0,408,K2,, YYYYYY,0400P,0700P,WH,,2019,,0,01,16A-No Std (Com Veh) Non-COM,,,
8999152340,KEL4008,NY,PAS,07/13/2021,16,SUBN,VOLKS,T,44890,27050,32940,20220717,0001,1,1,341149,T730,H,0437P,,NY,F,66,W Broadway,,0,408,K2,, YYYYYY,0700A,0700P,BK,,2020,,0,01,16A-No Std (Com Veh) Non-COM,,,
8999152352,JHM1804,NY,PAS,07/13/2021,16,4DSD,TOYOT,T,12110,17250,17270,20230401,0009,9,9,341149,T730,H,0708P,,NY,O,221,Avenue A,,0,408,K2,,YYYYYYY,,,GY,,2003,,0,01,16A-No Std (Com Veh) Non-COM,,,
8999152388,JHS2835,NY,PAS,07/14/2021,14,4DSD,HYUN,T,12520,13610,15350,20210402,0001,1,1,341149,T730,H,0543P,,NY,F,15,Barclay St,,0,408,C,, YYYYYY,0400P,0700P,WH,,2017,,0,01,14-No Standing,,,
8999152418,HNJ5241,NY,PAS,07/16/2021,14,4DSD,NISSA,T,12520,33390,11115,20230315,0001,1,1,341149,T730,H,0438P,,NY,F,100,Barclay St,,0,408,C,, YYYYYY,0400P,0700P,BL,,2011,,0,01,14-No Standing,,,
8999152420,HCX7120,NY,PAS,07/17/2021,17,SUBN,HYUN,T,27880,13610,15350,20220115,0001,1,1,341149,T730,H,0158P,,NY,O,2,Park Pl,,0,408,C4,,YYYYYYY,,,GY,,2014,,0,01,17-No Stand (exc auth veh),,,
8999152479,JNK5447,NY,PAS,07/20/2021,17,4DSD,HONDA,T,27050,15350,44890,20220211,0001,1,1,341149,T730,H,0204P,,NY,F,50,Murray St,,0,408,C4,, YYYYY,0700A,0700P,GY,,2013,,0,01,17-No Stand (exc auth veh),,,
8999152509,HSA8104,NY,PAS,07/21/2021,14,SUBN,KIA,T,12520,0,0,20230620,0001,1,1,341149,T730,H,0245P,,NY,I,S,Barclay St,20ft W/of Greenwich,0,408,C,,YYYYYYY,,,BK,,2009,,0,01,14-No Standing,,,
8999152510,JJT8013,NY,PAS,07/21/2021,20,SUBN,TOYOT,T,27890,13113,13113,20210813,0001,1,1,341149,T730,H,0333P,,NY,F,1,Park Row,,0,408,D,,YYYYYYY,,,GY,,2006,,0,01,20A-No Parking (Non-COM),,,
8999152522,ABUYUSRA,NY,COM,07/21/2021,40,SUBN,TOYOT,T,12520,0,0,88888888,0001,1,1,341149,T730,H,0645P,,NY,I,S,Barclay St,40ft W/of Greenwich,0,408,E2,,YYYYYYY,,,GREEN,,0,,0,01,40-Fire Hydrant,,,
8999152613,HJP1414,NY,PAS,07/23/2021,19,SUBN,GMC,T,27240,32940,14710,20220925,0001,1,1,341149,T730,H,0714P,,NY,O,455,North End Ave,,0,408,C3,,YYYYYYY,,,GY,,2005,,0,01,19-No Stand (bus stop),,,
8999152625,HJP1414,NY,PAS,07/24/2021,19,SUBN,GMC,T,27240,32940,14710,20220925,0001,1,1,341149,T730,H,0636P,,NY,O,455,North End Ave,,0,408,C3,,YYYYYYY,,,GY,,2005,,0,01,19-No Stand (bus stop),,,
8999152650,GKT1745,NY,PAS,07/24/2021,19,SUBN,ROVER,T,27240,32940,14710,20211212,0001,1,1,341149,T730,H,0642P,,NY,F,455,North End Ave,,0,408,C3,,YYYYYYY,,,WH,,2020,,0,01,19-No Stand (bus stop),,,
8999152698,KKA4094,NY,PAS,07/26/2021,16,SUBN,FORD,T,32940,13610,15350,20230330,0001,1,1,341149,T730,H,0347P,,NY,O,22,Warren St,,0,408,K2,, YYYYY,0700A,0600P,BK,,2021,,0,01,16A-No Std (Com Veh) Non-COM,,,
8999152704,HEB5453,NY,PAS,07/26/2021,14,4DSD,BMW,T,14710,0,0,20220227,0001,1,1,341149,T730,H,0706P,,NY,I,N,Chambers St,40ft W/of West St,0,408,C,,YYYYYYY,,,BK,,2018,,0,01,14-No Standing,,,
8999152730,CTW8235,NY,PAS,07/27/2021,16,SUBN,VOLVO,T,27050,44890,21790,20220506,0001,1,1,341149,T730,H,0422P,,NY,F,71,Murray St,,0,408,K2,, YYYYY,0700A,0700P,WH,,2010,,0,01,16A-No Std (Com Veh) Non-COM,,,
8999152777,KEJ1347,NY,PAS,07/28/2021,14,4DSD,HONDA,T,28490,28540,10545,20220824,0001,1,1,341149,T730,H,0352P,,NY,O,320,Pearl St,,0,408,C,, YYYYY,0300P,0800P,WH,,2020,,0,01,14-No Standing,,,
8999152790,GYW2355,NY,PAS,07/28/2021,40,SUBN,JEEP,T,17070,0,0,20230522,0009,9,9,341149,T730,H,0536P,,NY,I,N,E 4th St,10ft E/of Avenue B,0,408,E2,,YYYYYYY,,,BL,,2018,,2,01,40-Fire Hydrant,,,
8999152807,KJZ5759,NY,PAS,07/28/2021,31,SUBN,NISSA,T,34050,10810,10910,20230531,0010,10,10,341149,T730,H,0603P,,NY,F,335,W 14th St,,0,408,L3,, YYYYYY,0600A,1000P,GY,,2011,,0,01,31-No Stand (Com. Mtr. Zone),,,
8999152832,HMW8906,NY,PAS,07/29/2021,17,4DSD,LEXUS,T,26990,13113,12810,20230504,0001,1,1,341149,T730,I,0229P,,NY,F,50,Mulberry St,,0,408,C4,, YYYYY,0700A,0700P,RD,,2014,,0,01,17-No Stand (exc auth veh),,,
8999152856,KKX7556,NY,PAS,07/29/2021,17,SUBN,FORD,T,27880,15350,44890,20230430,0001,1,1,341149,T730,I,0441P,,NY,F,53,Park Pl,,0,408,C4,,YYYYYYY,,,GY,,2020,,0,01,17-No Stand (exc auth veh),,,
8999152868,KHA2669,NY,PAS,07/29/2021,17,SUBN,NISSA,T,27050,44890,21790,20230207,0001,1,1,341149,T730,I,0539P,,NY,F,70,Murray St,,0,408,C4,, YYYYY,0700A,0700P,BK,,2012,,0,01,17-No Stand (exc auth veh),,,
8999152900,GZL6930,NY,PAS,08/02/2021,14,SUBN,JEEP,T,27880,13610,15350,20230617,0001,1,1,341149,T730,I,0320P,,NY,F,18,Park Pl,,0,408,C,,YYYYYYY,,,BK,,2012,,0,01,14-No Standing,,,
8999152947,KMM2483,NY,PAS,08/04/2021,17,SUBN,FORD,T,27050,44890,21790,20230528,0001,1,1,341149,T730,I,0322P,,NY,F,70,Murray St,,0,408,C4,, YYYYY,0700A,0700P,GY,,2021,,0,01,17-No Stand (exc auth veh),,,
8999152959,HLW6191,NY,PAS,08/04/2021,31,4DSD,MINI,T,15350,14710,29390,20210428,0001,1,1,341149,T730,I,0632P,,NY,F,160,Church St,,0,408,L3,, YYYYY,0400P,0700P,GY,,2017,,0,01,31-No Stand (Com. Mtr. Zone),,,
8999152960,GBU1427,NY,PAS,08/04/2021,19,SUBN,VOLVO,T,12670,13670,10015,20220823,0001,1,1,341149,T730,I,0721P,,NY,O,20,Battery Pl,,0,408,C3,,YYYYYYY,,,BK,,2013,,0,01,19-No Stand (bus stop),,,
8999153010,HNP8129,NY,PAS,08/06/2021,17,SUBN,JEEP,T,27880,15350,44890,20230112,0001,1,1,341149,T730,I,0313P,,NY,F,53,Park Pl,,0,408,C4,, YYYYY,0700A,0700P,BK,,2017,,0,01,17-No Stand (exc auth veh),,,
8999153034,HPC7744,NY,PAS,08/06/2021,16,SUBN,JEEP,T,13610,27050,32940,20210811,0001,1,1,341149,T730,I,0424P,,NY,F,253,Broadway,,0,408,K2,, YYYYY,0700A,0700P,GY,,2021,,0,01,16A-No Std (Com Veh) Non-COM,,,
8999153071,GKX8773,NY,PAS,08/06/2021,19,SUBN,NISSA,T,27240,32940,14710,20230729,0001,1,1,341149,T730,I,0657P,,NY,O,455,North End Ave,,0,408,C3,,YYYYYYY,,,WH,,2009,,0,01,19-No Stand (bus stop),,,
8999153083,HGC3083,NY,PAS,08/09/2021,16,4DSD,NISSA,T,14710,20240,13610,20220509,0001,1,1,341149,T730,H,0217P,,NY,F,51,Chambers St,,0,408,K2,, YYYYY,0700A,0700P,GY,,2011,,0,01,16A-No Std (Com Veh) Non-COM,,,
8999153095,JMP9463,NY,PAS,08/09/2021,48,PICK,FORD,T,27050,15350,44890,20211205,0001,1,1,341149,T730,H,0306P,,NY,O,50,Murray St,,0,408,E9,,YYYYYYY,,,BK,,2019,,0,01,48-Bike Lane,,,
8999153150,KHG2100,NY,PAS,08/10/2021,14,4DSD,BMW,T,28490,28540,10545,20221127,0001,1,1,341149,T730,H,0317P,,NY,O,320,Pearl St,,0,408,C,, YYYYY,0300P,0700P,BK,,2018,,0,01,14-No Standing,,,
8999153186,GUK6542,NY,PAS,08/12/2021,14,4DSD,DODGE,T,27050,0,0,20201218,0001,1,1,341149,T730,H,0418P,,NY,I,N,Murray St,200ft E/of North End,0,408,C,,YYYYYYY,,,WH,,2014,,0,01,14-No Standing,,,
8999153228,FLC3489,NY,PAS,08/16/2021,31,4DSD,TOYOT,T,12520,33390,11115,20230602,0001,1,1,341149,T730,H,0305P,,NY,F,100,Barclay St,,0,408,L3,, YYYYY,1000A,0400P,GY,,2020,,0,01,31-No Stand (Com. Mtr. Zone),,,
8999153253,JLK6499,NY,PAS,08/16/2021,19,SUBN,TOYOT,T,27240,27885,32940,20220616,0001,1,1,341149,T730,H,0512P,,NY,O,355,North End Ave,,0,408,C3,,YYYYYYY,,,BL,,2006,,0,01,19-No Stand (bus stop),,,
8999153265,KDR9804,NY,PAS,08/16/2021,19,SUBN,LEXUS,T,27240,32940,14710,20220712,0001,1,1,341149,T730,H,0514P,,NY,O,455,North End Ave,,0,408,C3,,YYYYYYY,,,BK,,2020,,0,01,19-No Stand (bus stop),,,
8999153289,KFV8521,NY,PAS,08/17/2021,17,2DSD,ME/BE,T,27050,15350,44890,20220812,0001,1,1,341149,T730,H,0228P,,NY,F,50,Murray St,,0,408,C4,, YYYYY,0700A,0700P,WH,,2020,,0,01,17-No Stand (exc auth veh),,,
8999153319,KRM26227,NY,PAS,08/17/2021,19,SUBN,VOLKS,T,30620,11510,24990,20210907,0001,1,1,341149,T730,H,0716P,,NY,F,327,South End Ave,,0,408,C3,,YYYYYYY,,,BLACK,,2021,,0,01,19-No Stand (bus stop),,,
8999153370,KEH8015,NY,PAS,08/18/2021,17,PICK,TOYOT,T,27050,44890,21790,20220824,0001,1,1,341149,T730,H,0421P,,NY,F,70,Murray St,,0,408,C4,, YYYYY,0700A,0700P,GY,,2020,,0,01,17-No Stand (exc auth veh),,,
8999153381,JKW7990,NY,PAS,08/18/2021,19,SUBN,JEEP,T,27240,32940,14710,20230814,0001,1,1,341149,T730,H,0701P,,NY,O,455,North End Ave,,0,408,C3,,YYYYYYY,,,BL,,2019,,0,01,19-No Stand (bus stop),,,
8999153393,CYG9824,NY,PAS,08/18/2021,19,SUBN,SUBAR,T,27240,32940,14710,20220921,0001,1,1,341149,T730,H,0702P,,NY,O,455,North End Ave,,0,408,C3,,YYYYYYY,,,GR,,2020,,0,01,19-No Stand (bus stop),,,
8999153400,EHT4551,NY,PAS,08/20/2021,17,4DSD,AUDI,T,14710,0,0,20220428,0001,1,1,341149,T730,H,0212P,,NY,I,N,Chambers St,30ft W/of Elk St,0,408,C4,, YYYYY,0700A,0700P,BK,,2016,,0,01,17-No Stand (exc auth veh),,,
8999153484,JNB5994,NY,PAS,08/24/2021,17,SUBN,BMW,T,27880,15350,44890,20211222,0001,1,1,341149,T730,I,0532P,,NY,F,53,Park Pl,,0,408,C4,, YYYYY,0700A,0700P,GY,,2020,,0,01,17-No Stand (exc auth veh),,,
8999153514,KMD5269,NY,PAS,08/25/2021,14,PICK,DODGE,T,32940,0,0,20230505,0001,1,1,341149,T730,H,0306P,,NY,I,N,Warren St,10ft E/of Church St,0,408,C,,YYYYYYY,,,GY,,2014,,0,01,14-No Standing,,,
8999153526,KGG8374,NY,PAS,08/25/2021,16,SUBN,ACURA,T,27050,13610,15350,20221116,0001,1,1,341149,T730,H,0548P,,NY,F,21,Murray St,,0,408,K2,, YYYYY,0700A,0700P,BR,,2013,,0,01,16A-No Std (Com Veh) Non-COM,,,
8999153538,75333MN,NY,COM,08/26/2021,17,VAN,FORD,T,32940,15350,44890,20221231,0001,1,1,341149,T730,H,0303P,,NY,F,57,Warren St,,0,408,C4,, YYYYY,0700A,0700P,WH,,2021,,0,01,17-No Stand (exc auth veh),,,
8999153551,JGP6080,NY,PAS,08/26/2021,16,2DSD,SMART,T,15350,27050,32940,20230430,0001,1,1,341149,T730,H,0407P,,NY,F,130,Church St,,0,408,K2,, YYYYY,0400P,0700P,BL,,2017,,0,01,16A-No Std (Com Veh) Non-COM,,,
8999153563,FMP3508,NY,PAS,08/26/2021,16,SUBN,BMW,T,27050,15350,44890,20230626,0001,1,1,341149,T730,H,0412P,,NY,F,50,Murray St,,0,408,K2,, YYYYYY,0400P,0700P,WH,,2020,,0,01,16A-No Std (Com Veh) Non-COM,,,
8999153575,JPT3134,NY,PAS,08/26/2021,16,SUBN,JEEP,T,27050,15350,44890,20220517,0001,1,1,341149,T730,H,0413P,,NY,F,50,Murray St,,0,408,K2,, YYYYYY,0400P,0700P,BK,,2020,,0,01,16A-No Std (Com Veh) Non-COM,,,
8999153617,KDB1185,NY,PAS,08/27/2021,14,4DSD,HONDA,T,14710,20240,13610,20220731,0001,1,1,341149,T730,H,0246P,,NY,F,53,Chambers St,,0,408,C,, YYYYY,0700A,0700P,GY,,2017,,0,01,14-No Standing,,,
8999153630,CHW3959,NY,PAS,08/28/2021,19,4DSD,LEXUS,T,28490,28540,10545,20221222,0001,1,1,341149,T730,I,0203P,,NY,F,320,Pearl St,,0,408,C3,,YYYYYYY,,,WH,,2020,,0,01,19-No Stand (bus stop),,,
8999153642,JNU7435,NY,PAS,08/28/2021,19,SUBN,JEEP,T,28490,13015,28540,20220313,0001,1,1,341149,T730,I,0206P,,NY,F,299,Pearl St,,0,408,C3,,YYYYYYY,,,GY,,2020,,0,01,19-No Stand (bus stop),,,
8999153666,KRN8853,NY,PAS,08/30/2021,16,SUBN,BMW,T,14710,20240,13610,20230809,0001,1,1,341149,T730,H,0300P,,NY,F,51,Chambers St,,0,408,K2,, YYYYY,0700A,0700P,BK,,2017,,0,01,16A-No Std (Com Veh) Non-COM,,,
8999153691,JCH6445,NY,PAS,08/30/2021,16,SUBN,SUBAR,T,13610,14710,29390,20220814,0001,1,1,341149,T730,H,0526P,,NY,F,277,Broadway,,0,408,K2,, YYYYY,0700A,0700P,BL,,2018,,0,01,16A-No Std (Com Veh) Non-COM,,,
8999153708,KDW9433,NY,PAS,08/31/2021,17,SUBN,VOLKS,T,21790,27880,27050,20220713,0001,1,1,341149,T730,H,0313P,,NY,O,255,Greenwich St,,0,408,C4,, YYYYY,0700A,0700P,BK,,2020,,0,01,17-No Stand (exc auth veh),,,
8999153710,KFP9034,NY,PAS,08/31/2021,17,SUBN,TOYOT,T,27050,15350,44890,20220910,0001,1,1,341149,T730,H,0356P,,NY,F,50,Murray St,,0,408,C4,, YYYYY,0700A,0700P,BK,,2017,,0,01,17-No Stand (exc auth veh),,,
8999153733,KMD3508,NY,PAS,08/31/2021,16,4DSD,SUBAR,T,27050,15350,44890,20230414,0001,1,1,341149,T730,H,0557P,,NY,F,50,Murray St,,0,408,K2,, YYYYY,0400P,0700P,BL,,2017,,0,01,16A-No Std (Com Veh) Non-COM,,,
8999153757,JAU8866,NY,PAS,09/01/2021,10,SUBN,ACURA,T,14710,14590,20240,20220607,0001,1,1,341149,T730,I,0217P,,NY,F,31,Chambers St,,0,408,B,,YYYYYYY,,,GY,,2021,,0,01,10-No Stopping,,,
8999153769,GUP7931,NY,PAS,09/01/2021,17,SUBN,NISSA,T,21790,27880,27050,20221121,0001,1,1,341149,T730,I,0259P,,NY,O,255,Greenwich St,,0,408,C4,, YYYYY,0700A,0700P,GY,,2020,,0,01,17-No Stand (exc auth veh),,,
8999153782,GRU4598,NY,PAS,09/04/2021,31,SUBN,TOYOT,T,33490,15550,22410,20220606,0001,1,1,341149,T730,H,0328P,,NY,F,42,Water St,,0,408,L3,, YYYYYY,0700A,0500P,WH,,2014,,0,01,31-No Stand (Com. Mtr. Zone),,,
8999153812,JAG1409,NY,PAS,09/07/2021,16,SUBN,CHEVR,T,32940,13610,15350,20220522,0001,1,1,341149,T730,H,0222P,,NY,F,24,Warren St,,0,408,K2,, YYYYY,0700A,0600P,GY,,2015,,0,01,16A-No Std (Com Veh) Non-COM,,,
8999153836,M341NH,NY,PAS,09/07/2021,16,4DSD,ACURA,T,12520,13610,15350,20220627,0001,1,1,341149,T730,H,0315P,,NY,O,15,Barclay St,,0,408,K2,, YYYYYY,1000A,0400P,GY,,2012,,0,01,16A-No Std (Com Veh) Non-COM,,,
8999153915,KHA3956,NY,PAS,09/09/2021,16,SUBN,TOYOT,T,14710,20240,13610,20230125,0001,1,1,341149,T730,H,0201P,,NY,F,53,Chambers St,,0,408,K2,, YYYYY,0700A,0700P,GY,,2017,,0,01,16A-No Std (Com Veh) Non-COM,,,
8999153927,KEN2266,NY,PAS,09/09/2021,17,4DSD,HYUND,T,21790,27880,27050,20220922,0001,1,1,341149,T730,H,0257P,,NY,O,255,Greenwich St,,0,408,C4,, YYYYY,0700A,0700P,BK,,2020,,0,01,17-No Stand (exc auth veh),,,
8999153939,JJM1256,NY,PAS,09/09/2021,17,SUBN,JEEP,T,21790,27880,27050,20230603,0001,1,1,341149,T730,H,0259P,,NY,O,255,Greenwich St,,0,408,C4,, YYYYY,0700A,0700P,GY,,2019,,0,01,17-No Stand (exc auth veh),,,
8999153940,KGC9852,NY,PAS,09/09/2021,17,4DSD,HYUND,T,21790,27880,27050,20221027,0001,1,1,341149,T730,H,0301P,,NY,O,255,Greenwich St,,0,408,C4,, YYYYY,0700A,0700P,BLUE,,2020,,0,01,17-No Stand (exc auth veh),,,
8999154002,HAV1966,NY,PAS,09/16/2021,16,SUBN,LEXUS,T,27050,13610,15350,20210917,0001,1,1,341149,T730,H,0535P,,NY,F,25,Murray St,,0,408,K2,, YYYYY,0700A,0700P,WH,,0,,0,01,16A-No Std (Com Veh) Non-COM,,,
8999154014,DBB2834,NY,PAS,09/17/2021,14,SUBN,JEEP,T,14710,20240,13610,20221104,0001,1,1,341149,T730,H,0221P,,NY,F,53,Chambers St,,0,408,C,, YYYYY,0700A,0700P,BL,,2004,,0,01,14-No Standing,,,
8999154038,KFV3207,NY,PAS,09/17/2021,16,SUBN,SUBAR,T,13610,27050,32940,20220812,0001,1,1,341149,T730,H,0318P,,NY,F,258,Broadway,,0,408,K2,, YYYYY,0700A,0700P,WH,,2017,,0,01,16A-No Std (Com Veh) Non-COM,,,
8999154099,KDX7013,NY,PAS,09/21/2021,16,SUBN,ROVER,T,14710,20240,13610,20220831,0001,1,1,341149,T730,I,0509P,,NY,F,51,Chambers St,,0,408,K2,, YYYYY,0700A,0700P,GY,,2020,,0,01,16A-No Std (Com Veh) Non-COM,,,
8999154105,KKX7556,NY,PAS,09/21/2021,17,SUBN,FORD,T,27880,15350,44890,20230430,0001,1,1,341149,T730,I,0517P,,NY,F,53,Park Pl,,0,408,C4,, YYYYY,0700A,0700P,GY,,2020,,0,01,17-No Stand (exc auth veh),,,
8999154117,KSB6476,NY,PAS,09/21/2021,22,SUBN,BMW,T,33490,26470,13590,20230914,0001,1,1,341149,T730,I,0630P,,NY,O,6,Water St,,0,408,C2,, YYYYYY,0500P,1200A,BK,,2019,,0,01,22A-No St Taxi/FHV Rlf-NO TAXI,,,
8999154129,HHD9424,NY,PAS,09/21/2021,22,SUBN,HONDA,T,33490,26470,13590,20230730,0001,1,1,341149,T730,I,0633P,,NY,O,6,Water St,,0,408,C2,, YYYYYY,0500P,1200A,TN,,2009,,0,01,22A-No St Taxi/FHV Rlf-NO TAXI,,,
8999154142,KSF8368,NY,PAS,09/27/2021,16,4DSD,HONDA,T,12520,13610,15350,20211107,0001,1,1,341149,T730,H,0318P,,NY,O,5,Barclay St,,0,408,K2,, YYYYYY,1000A,0400P,WHITE,,2018,,0,01,16A-No Std (Com Veh) Non-COM,,,
8999154178,JHV8969,NY,PAS,09/27/2021,17,4DSD,TOYOT,T,21790,27880,27050,20230725,0001,1,1,341149,T730,H,0522P,,NY,F,255,Greenwich St,,0,408,C4,, YYYYYY,0700A,0700P,GY,,2007,,0,01,17-No Stand (exc auth veh),,,
8999154208,HFJ1897,NY,PAS,09/27/2021,19,SUBN,NISSA,T,27240,32940,14710,20220313,0001,1,1,341149,T730,H,0647P,,NY,O,455,North End Ave,,0,408,C3,,YYYYYYY,,,BK,,2015,,0,01,19-No Stand (bus stop),,,
8999154221,KNY3651,NY,PAS,09/29/2021,16,SUBN,VOLVO,T,32940,13610,15350,20230629,0001,1,1,341149,T730,H,0444P,,NY,F,10,Warren St,,0,408,K2,, YYYYY,0700A,0600P,GY,,2021,,0,01,16A-No Std (Com Veh) Non-COM,,,
8999154233,JMX6103,NY,PAS,09/29/2021,17,SUBN,INFIN,T,27050,13610,15350,20220204,0001,1,1,341149,T730,H,0535P,,NY,O,9,Murray St,,0,408,C4,,YYYYYYY,,,GY,,2020,,0,01,17-No Stand (exc auth veh),,,
8999154257,HDD1093,NY,PAS,09/29/2021,19,2DSD,BMW,T,27240,32940,14710,20211223,0001,1,1,341149,T730,H,0702P,,NY,O,455,North End Ave,,0,408,C3,,YYYYYYY,,,BK,,2012,,0,01,19-No Stand (bus stop),,,
8999154269,JLC6196,NY,PAS,09/29/2021,19,4DSD,NISSA,T,27240,32940,14710,20230923,0001,1,1,341149,T730,H,0703P,,NY,O,455,North End Ave,,0,408,C3,,YYYYYYY,,,GY,,2019,,0,01,19-No Stand (bus stop),,,
8999154270,93047ML,NY,COM,09/30/2021,14,VAN,FORD,T,27050,0,0,20221231,0001,1,1,341149,T730,H,0338P,,NY,I,S,Murray St,5ft W/of Church St,0,408,C,,YYYYYYY,,,WH,,2019,,0,01,14-No Standing,,,
8999154324,KNF41441,NY,PAS,10/01/2021,17,SUBN,CHEVR,T,21790,27880,27050,20230518,0001,1,1,341149,T730,I,0310P,,NY,O,255,Greenwich St,,0,408,C4,, YYYYY,0700A,0700P,GREY,,2017,,0,01,17-No Stand (exc auth veh),,,
8999154336,KNF4141,NY,PAS,10/01/2021,17,SUBN,CHEVR,T,21790,27880,27050,20230518,0001,1,1,341149,T730,I,0322P,,NY,O,255,Greenwich St,,0,408,C4,, YYYYY,0700A,0700P,GREY,,2017,,0,01,17-No Stand (exc auth veh),,,
8999154361,FFF5914,NY,PAS,10/02/2021,31,SUBN,INFIN,T,13610,16140,24050,20230521,0001,1,1,341149,T730,H,0436P,,NY,F,176,Broadway,,0,408,L3,, YYYYYY,0700A,0700P,BL,,2020,,0,01,31-No Stand (Com. Mtr. Zone),,,
8999154373,FFF5914,NY,PAS,10/02/2021,74,SUBN,INFIN,T,13610,16140,24050,20230521,0001,1,1,341149,T730,H,0443P,,NY,F,176,Broadway,,0,408,J2,,YYYYYYY,,,BL,,2020,,0,01,74-Missing Display Plate,,,
8999154385,KKR5517,NY,PAS,10/02/2021,14,4DSD,NISSA,T,28490,0,0,20230321,0001,1,1,341149,T730,H,0615P,,NY,I,W,Pearl St,10ft N/of Beekman St,0,408,C,,YYYYYYY,,,GY,,2020,,0,01,14-No Standing,,,
8999154415,JGH4689,NY,PAS,10/04/2021,16,SUBN,BMW,T,15350,14710,29390,20230403,0001,1,1,341149,T730,I,0203P,,NY,F,165,Church St,,0,408,K2,, YYYYY,0700A,0700P,GY,,2019,,0,01,16A-No Std (Com Veh) Non-COM,,,
8999154427,KSM2504,NY,PAS,10/04/2021,40,4DSD,BMW,T,13610,14710,29390,20230902,0001,1,1,341149,T730,I,0320P,,NY,O,280,Broadway,,0,408,E2,,YYYYYYY,,,BL,,2004,,0,01,40-Fire Hydrant,,,
8999154452,DRP9524,NY,PAS,10/04/2021,31,4DSD,CHEVR,T,34050,10410,10510,20220525,0013,13,13,341149,T730,I,0651P,,NY,F,33,W 14th St,,0,408,L3,, YYYYYY,0600A,1000P,RD,,2010,,0,01,31-No Stand (Com. Mtr. Zone),,,
8999154488,82282NA,NY,COM,10/05/2021,40,VAN,NISSA,T,27050,15350,44890,20230131,0001,1,1,341149,T730,H,0218P,,NY,F,50,Murray St,,0,408,E2,,YYYYYYY,,,BK,,2016,,0,01,40-Fire Hydrant,,,
8999154490,20826ME,NY,COM,10/05/2021,14,VAN,FORD,T,12520,33390,11115,20211130,0001,1,1,341149,T730,H,0411P,,NY,F,100,Barclay St,,0,408,C,, YYYYYY,0400P,0700P,WH,,2019,,0,01,14-No Standing,,,
8999154518,KJB3031,NY,PAS,10/06/2021,14,4DSD,BMW,T,14710,14590,20240,20221116,0001,1,1,341149,T730,H,0218P,,NY,O,31,Chambers St,,0,408,C,,YYYYYYY,,,WH,,2015,,0,01,14-No Standing,,,
8999154531,HDV4560,NY,PAS,10/07/2021,16,SEDN,HONDA,T,27050,44890,21790,20220303,0001,1,1,341149,T730,H,0259P,,NY,F,67,Murray St,,0,408,K2,, YYYYY,0700A,0700P,BL,,2020,,0,01,16A-No Std (Com Veh) Non-COM,,,
8999154555,JPV8446,NY,PAS,10/09/2021,19,4DSD,MINI,T,14710,0,0,20220726,0001,1,1,341149,T730,H,0138P,,NY,I,N,Chambers St,35ft E/of Broadway,0,408,C3,,YYYYYYY,,,WH,,2020,,0,01,19-No Stand (bus stop),,,
8999154567,JKV7494,NY,PAS,10/09/2021,14,SUBN,TOYOT,T,14710,0,0,20210804,0001,1,1,341149,T730,H,0233P,,NY,I,S,Chambers St,15ft W/of Broadway,0,408,C,,YYYYYYY,,,GY,,2017,,0,01,14-No Standing,,,
8999154579,HTY4255,NY,PAS,10/09/2021,19,4DSD,NISSA,T,32940,0,0,20211105,0001,1,1,341149,T730,H,0526P,,NY,I,S,Warren St,25ft W/of Greenwich,0,408,C3,,YYYYYYY,,,LT/,,2007,,0,01,19-No Stand (bus stop),,,
8999154580,HZN3302,NY,PAS,10/09/2021,19,SUBN,BMW,T,14710,0,0,20220613,0005,5,5,341149,T730,H,0606P,,NY,I,N,Chambers St,30ft E/of Broadway,0,408,C3,,YYYYYYY,,,GY,,2019,,0,01,19-No Stand (bus stop),,,
8999154622,GZR7688,NY,PAS,10/12/2021,17,SUBN,HONDA,T,26990,12810,14010,20230826,0005,5,5,341149,T730,H,0417P,,NY,F,81,Mulberry St,,0,408,C4,, YYYYY,0700A,0700P,WH,,2010,,0,01,17-No Stand (exc auth veh),,,
8999154646,KKX7556,NY,PAS,10/13/2021,17,SUBN,FORD,T,44890,0,0,20230430,0001,1,1,341149,T730,I,0207P,,NY,I,E,W Broadway,30ft N/of Park Pl,0,408,C4,, YYYYY,0700A,0700P,GY,,2020,,0,01,17-No Stand (exc auth veh),,,
8999154658,HPU4371,NY,PAS,10/13/2021,14,SUBN,TOYOT,T,12520,0,0,20211108,0001,1,1,341149,T730,I,0220P,,NY,I,S,Barclay St,5ft W/of Greenwich S,0,408,C,,YYYYYYY,,,GY,,2015,,0,01,14-No Standing,,,
8999154660,JEE9381,NY,PAS,10/13/2021,4,SUBN,CHEVR,T,12520,0,0,88888888,0001,1,1,341149,T730,I,0223P,,NY,I,N,Barclay St,10ft W/of Washington,0,408,L6,, YYYYY,0700A,0700P,WHITE,,2019,,0,01,"04A-Downtown Bus Area, Non-Bus",,,
8999154671,ETK3558,NY,PAS,10/13/2021,17,2DSD,JAGUA,T,44890,0,0,20220427,0001,1,1,341149,T730,I,0314P,,NY,I,E,W Broadway,90ft S/of Murray St,0,408,C4,, YYYYY,0700A,0700P,GR,,0,,0,01,17-No Stand (exc auth veh),,,
8999154683,DUJ3607,NY,PAS,10/13/2021,17,4DSD,TOYOT,T,44890,0,0,20220802,0001,1,1,341149,T730,I,0318P,,NY,I,E,W Broadway,15ft S/of Park Pl,0,408,C4,, YYYYY,0700A,0700P,BK,,2007,,0,01,17-No Stand (exc auth veh),,,
8999154695,KKJ8531,NY,PAS,10/13/2021,16,4DSD,AUDI,T,27050,15350,44890,20230312,0001,1,1,341149,T730,I,0422P,,NY,F,50,Murray St,,0,408,K2,, YYYYYY,0400P,0700P,BL,,2017,,0,01,16A-No Std (Com Veh) Non-COM,,,
8999154725,CDV1713,NY,PAS,10/15/2021,14,SUBN,CHEVR,T,13610,27050,32940,20230302,0001,1,1,341149,T730,H,0217P,,NY,F,253,Broadway,,0,408,C,,  Y  Y,0600A,0600P,BK,,2019,,0,01,14-No Standing,,,
8999154737,KDX7013,NY,PAS,10/15/2021,16,SUBN,ROVER,T,14710,20240,13610,20220831,0001,1,1,341149,T730,H,0333P,,NY,F,53,Chambers St,,0,408,K2,, YYYYY,0700A,0700P,GY,,2020,,0,01,16A-No Std (Com Veh) Non-COM,,,
8999154750,KHV9679,NY,PAS,10/19/2021,40,4DSD,HYUND,T,27050,13610,15350,20230119,0001,1,1,341149,T730,H,0220P,,NY,O,25,Murray St,,0,408,E2,,YYYYYYY,,,WH,,2018,,0,01,40-Fire Hydrant,,,
8999154798,JPL2736,NY,PAS,10/21/2021,16,SUBN,JEEP,T,32940,15350,44890,20220116,0001,1,1,341149,T730,I,0456P,,NY,F,37,Warren St,,0,408,K2,, YYYYY,0700A,0600P,BK,,2020,,0,01,16A-No Std (Com Veh) Non-COM,,,
8999154804,JRW9481,NY,PAS,10/22/2021,31,SUBN,BMW,T,34050,10610,10810,20220609,0010,10,10,341149,T730,I,0347P,,NY,F,241,W 14th St,,0,408,L3,, YYYYYY,0600A,1000P,GY,,2015,,0,01,31-No Stand (Com. Mtr. Zone),,,
8999154816,KPY1123,NY,PAS,10/22/2021,20,SUBN,AUDI,T,33990,10610,33690,20230801,0006,6,6,341149,T730,I,0358P,,NY,F,214,W 11th St,,0,408,D,, YYYYYY,0800A,0600P,GY,,2018,,0,01,20A-No Parking (Non-COM),,,
8999154830,HPB3745,NY,PAS,10/23/2021,16,4DSD,FORD,T,27050,15350,44890,20210531,0001,1,1,341149,T730,H,0504P,,NY,F,60,Murray St,,0,408,K2,, YYYYYY,0400P,0700P,BK,,2017,,0,01,16A-No Std (Com Veh) Non-COM,,,
8999154889,KKA5787,NY,PAS,10/25/2021,14,4DSD,BMW,T,24990,0,0,20230210,0001,1,1,341149,T730,H,0700P,,NY,I,S,Liberty St,70ft E/of South End,0,408,C,,YYYYYYY,,,GY,,2021,,0,01,14-No Standing,,,
8999154890,KNY7552,NY,PAS,10/25/2021,19,4DSD,HONDA,T,30620,11510,24990,20230723,0001,1,1,341149,T730,H,0706P,,NY,F,327,South End Ave,,0,408,C3,,YYYYYYY,,,BL,,2006,,0,01,19-No Stand (bus stop),,,
8999250301,JKC1464,NY,PAS,07/10/2021,20,4DSD,FORD,T,17670,97740,10110,20210703,0017,17,17,346350,T730,X1,0927A,,NY,O,233,E 34th St,,0,408,D,, YYYYYY,0700A,0700P,BL,,2019,,0,01,20A-No Parking (Non-COM),,,
8999250313,AML8197,NY,PAS,07/12/2021,14,SUBN,NISSA,T,34510,10410,10510,20230412,0014,14,14,346350,T730,X1,0612A,,NY,F,59,W 37th St,,0,408,C,,YYYYYYY,,,RD,,2015,,0,01,14-No Standing,,,
8999250362,JHD2417,NY,PAS,07/29/2021,31,4DSD,FORD,T,34550,10610,10810,20230508,0014,14,14,346350,T730,X1,0629A,,NY,F,214,W 39th St,,0,408,L3,, YYYYY,0600A,0600P,BK,,2016,,0,01,31-No Stand (Com. Mtr. Zone),,,
8999300857,JMC6951,NY,PAS,06/28/2021,20,4DSD,HONDA,T,34030,10810,21240,20211105,0006,6,6,343941,T730,B,0925A,,NY,F,303,W 13th St,,0,408,D,, YYYYY,0800A,0600P,GY,,2009,,0,01,20A-No Parking (Non-COM),,,
8999300882,KJH7438,NY,PAS,07/03/2021,14,4DSD,VOLKS,T,12520,33390,11115,20221213,0001,1,1,343941,T730,B,0924A,,NY,O,125,Barclay St,,0,408,C,, YYYYYY,0700A,1000A,BK,,2018,,0,01,14-No Standing,,,
8999300912,FTY8450,NY,PAS,07/06/2021,20,SUBN,HONDA,T,33990,33390,11115,20211222,0006,6,6,343941,T730,B,0816A,,NY,F,372,W 11th St,,0,408,D,, YYYYY,0800A,0600P,GY,,2011,,0,01,20A-No Parking (Non-COM),,,
8999300936,48415MN,NY,COM,07/08/2021,20,VAN,FORD,T,23170,0,0,20211031,0001,1,1,343941,T730,B,1028A,,NY,I,N,Hubert St,50ft W/of Washington,0,408,D,, YYYYY,0800A,0600P,WH,,2020,,0,01,20A-No Parking (Non-COM),,,
8999300948,KDF3419,NY,PAS,07/09/2021,20,4DSD,DODGE,T,34230,10910,11010,20220816,0010,10,10,343941,T730,B,0923A,,NY,F,420,W 23rd St,,0,408,D,, YYYYY,0800A,0600P,GY,,2015,,0,01,20A-No Parking (Non-COM),,,
8999300950,JHE1510,NY,PAS,07/13/2021,14,4DSD,KIA,T,11010,34290,34310,20230409,0010,10,10,343941,T730,B,0723A,,NY,O,287,10th Ave,,0,408,C,, YYYYY,0700A,1000A,BK,,2017,,0,01,14-No Standing,,,
8999301000,JGM7455,NY,PAS,07/22/2021,17,2DSD,HYUN,T,12950,27120,13590,20230410,0001,1,1,343941,T730,B,0931A,,NY,F,26,Beaver St,,0,408,C4,, YYYYY,0700A,0700P,BK,,2015,,0,01,17-No Stand (exc auth veh),,,
8999301023,KGF2987,NY,PAS,07/27/2021,40,SUBN,JEEP,T,21790,0,0,20221003,0006,6,6,343941,T730,B,0732A,,NY,I,W,Greenwich St,11ft N/of Barrow St,0,408,E2,,YYYYYYY,,,BK,,2021,,7,01,40-Fire Hydrant,,,
8999301035,KFA1921,NY,PAS,07/27/2021,20,4DSD,TOYOT,T,23170,33390,11115,20220810,0001,1,1,343941,T730,B,1233P,,NY,O,45,Hubert St,,0,408,D,, YYYYY,0800A,0600P,RD,,1997,,0,01,20A-No Parking (Non-COM),,,
8999301072,FZX3837,NY,PAS,08/02/2021,14,4DSD,NISSA,T,32940,21790,11115,20220614,0001,1,1,343941,T730,B,0716A,,NY,F,120,Warren St,,0,408,C,, YYYYY,0700A,0700P,GY,,2019,,0,01,14-No Standing,,,
8999301084,JHV7908,NY,PAS,08/02/2021,20,4DSD,TOYOT,T,23170,33390,11115,20210702,0001,1,1,343941,T730,B,0811A,,NY,O,45,Hubert St,,0,408,D,, YYYYY,0800A,0600P,BL,,2007,,0,01,20A-No Parking (Non-COM),,,
8999301126,KMK6724,NY,PAS,08/07/2021,40,4DSD,TOYOT,T,27240,0,0,20230612,0001,1,1,343941,T730,B,0704A,,NY,I,W,North End Ave,25ft S/of Chambers S,0,408,E2,,YYYYYYY,,,GREY,,2021,,5,01,40-Fire Hydrant,,,
8999301138,KEF6241,NY,PAS,08/09/2021,14,SUBN,MAZDA,T,32940,0,0,20220902,0001,1,1,343941,T730,B,0732A,,NY,I,N,Warren St,80ft W/of West St,0,408,C,, YYYYY,0700A,0600P,BL,,2019,,0,01,14-No Standing,,,
8999301140,JFP8457,NY,PAS,08/11/2021,20,SUBN,HONDA,T,32710,23190,21790,20230311,0001,1,1,343941,T730,B,0906A,,NY,O,47,Vestry St,,0,408,D,, YYYYY,0800A,0600P,BLUE,,2021,,0,01,20A-No Parking (Non-COM),,,
8999301199,39057ML,NY,COM,09/17/2021,20,VAN,DODGE,T,34030,10810,21240,20211130,0006,6,6,343941,T730,B,1215P,,NY,F,310,W 13th St,,0,408,D,, YYYYY,0800A,0600P,WH,,2017,,0,01,20A-No Parking (Non-COM),,,
8999301205,JLG4056,NY,PAS,09/22/2021,40,SUBN,HONDA,T,34130,0,0,20230819,0010,10,10,343941,T730,B,0633A,,NY,I,N,W 18th St,30ft E/of 10th Ave,0,408,E2,,YYYYYYY,,,BL,,2016,,6,01,40-Fire Hydrant,,,
8999301217,JRC2566,NY,PAS,09/22/2021,16,2DSD,VOLKS,T,11115,0,0,20220309,0001,1,1,343941,T730,B,1227P,,NY,I,E,West St,120ft N/of Chambers,0,408,K2,, YYYYY,0800A,0600P,GY,,2007,,0,01,16A-No Std (Com Veh) Non-COM,,,
8999301229,ACK4815,NY,PAS,09/23/2021,19,SUBN,SUBAR,T,11115,15210,33970,20230117,0006,6,6,343941,T730,B,0710A,,NY,F,391,West St,,0,408,C3,,YYYYYYY,,,GY,,2017,,0,01,19-No Stand (bus stop),,,
8999301230,FRG4410,NY,PAS,09/23/2021,19,4DSD,HONDA,T,11115,15210,33970,20211207,0006,6,6,343941,T730,B,1235P,,NY,F,391,West St,,0,408,C3,,YYYYYYY,,,BL,,2010,,0,01,19-No Stand (bus stop),,,
8999301242,KHY2207,NY,PAS,09/24/2021,17,4DSD,TOYOT,T,33390,15210,33970,20230608,0006,6,6,343941,T730,B,0706A,,NY,F,659,Washington St,,0,408,C4,,YYYYYYY,,,GR,,2002,,0,01,17-No Stand (exc auth veh),,,
8999301278,KEW2002,NY,PAS,09/28/2021,14,4DSD,HONDA,T,34230,10910,11010,20220821,0010,10,10,343941,T730,B,0727A,,NY,F,455,W 23rd St,,0,408,C,, YYYYY,0700A,1000A,WH,,2017,,0,01,14-No Standing,,,
8999301280,HNY7014,NY,PAS,09/28/2021,20,SUBN,FORD,T,23170,33390,11115,20230420,0006,6,6,343941,T730,B,0916A,,NY,O,45,Hubert St,,0,408,D,, YYYYY,0800A,0600P,BL,,2013,,0,01,20A-No Parking (Non-COM),,,
8999301308,GMH5517,NY,PAS,09/28/2021,20,SUBN,NISSA,T,34290,10910,11010,20220206,0010,10,10,343941,T730,B,1132A,,NY,F,427,W 26th St,,0,408,D,, YYYYY,0800A,0600P,GY,,2019,,0,01,20A-No Parking (Non-COM),,,
8999301345,HVB7821,NY,PAS,10/04/2021,14,4DSD,HONDA,T,21790,21810,33970,20210925,0006,6,6,343941,T730,B,0736A,,NY,O,692,Greenwich St,,0,408,C,,YYYYYYY,,,GY,,2004,,0,01,14-No Standing,,,
8999301357,JHA4191,NY,PAS,10/06/2021,40,SUBN,HONDA,T,21790,0,0,20230411,0006,6,6,343941,T730,B,0753A,,NY,I,W,Greenwich St,35ft N/of Bank St,0,408,E2,,YYYYYYY,,,GY,,2011,,6,01,40-Fire Hydrant,,,
8999301369,JMN7319,NY,PAS,10/07/2021,20,SUBN,CADIL,T,23170,33390,11115,20231017,0001,1,1,343941,T730,B,0806A,,NY,O,45,Hubert St,,0,408,D,, YYYYY,0800A,0600P,BK,,2019,,0,01,20A-No Parking (Non-COM),,,
8999301370,KMM7035,NY,PAS,10/07/2021,40,SUBN,VOLKS,T,33390,0,0,20230523,0001,1,1,343941,T730,B,1136A,,NY,I,E,Washington St,5ft N/of Laight St,0,408,E2,,YYYYYYY,,,GY,,2021,,5,01,40-Fire Hydrant,,,
8999301400,KNP1182,NY,PAS,10/12/2021,40,4DSD,NISSA,T,11115,0,0,20230507,0001,1,1,343941,T730,B,0740A,,NY,I,E,West St,40ft N/of Morton St,0,408,E2,,YYYYYYY,,,BK,,2019,,6,01,40-Fire Hydrant,,,
8999301424,KRW5248,NY,PAS,10/14/2021,14,SUBN,VOLKS,T,14710,97510,27240,20211126,0001,1,1,343941,T730,B,0728A,,NY,O,345,Chambers St,,0,408,C,, YYYYY,0700A,0600P,GREY,,2022,,0,01,14-No Standing,,,
8999301436,JGY2041,NY,PAS,10/14/2021,20,SUBN,HONDA,T,33390,16350,33590,20230412,0001,1,1,343941,T730,B,0836A,,NY,F,443,Washington St,,0,408,D,, YYYYY,0800A,0600P,BK,,2019,,0,01,20A-No Parking (Non-COM),,,
8999301450,JCS6488,NY,PAS,10/15/2021,20,SUBN,BUICK,T,16350,33390,11115,20221214,0001,1,1,343941,T730,B,0948A,,NY,O,32,Desbrosses St,,0,408,D,, YYYYY,0800A,0600P,GY,,2019,,0,01,20A-No Parking (Non-COM),,,
8999301473,HZJ1397,NY,PAS,10/19/2021,16,4DSD,NISSA,T,11115,0,0,20220408,0001,1,1,343941,T730,A,0723A,,NY,I,E,West St,50ft S/of Leroy St,0,408,K2,, YYYYY,0600A,0400P,WH,,2017,,0,01,16A-No Std (Com Veh) Non-COM,,,
8999301485,KJX9037,NY,PAS,10/20/2021,16,2DSD,SMART,T,11115,0,0,20230218,0006,6,6,343941,T730,B,0731A,,NY,I,E,West St,50ft S/of Leroy St,0,408,K2,, YYYYY,0600A,0400P,BK,,2015,,0,01,16A-No Std (Com Veh) Non-COM,,,
8999301503,KDL2681,NY,PAS,10/21/2021,20,4DSD,TOYOT,T,34230,10910,11010,20220802,0010,10,10,343941,T730,B,0806A,,NY,F,416,W 23rd St,,0,408,D,, YYYYY,0800A,0600P,GY,,2006,,0,01,20A-No Parking (Non-COM),,,
8999350782,KNP2725,NY,PAS,06/29/2021,40,4DSD,VOLKS,T,13610,34710,34730,88888888,0018,18,18,346143,T730,H,1219P,,NY,O,1584,Broadway,,0,408,E2,,YYYYYYY,,,WHITE,,0,,0,01,40-Fire Hydrant,,,
8999350836,ZHG9129,NY,PAS,07/06/2021,14,2DSD,MITSU,T,34690,10910,11010,20210707,0018,18,18,346143,T730,H,0807A,,NY,F,429,W 46th St,,0,408,C,, YYYYYY,0800A,1200A,BLUE,,0,,0,01,14-No Standing,,,
8999350848,KNF8365,NY,PAS,07/08/2021,40,4DSD,HONDA,T,34670,10810,10910,20210720,0018,18,18,346143,T730,H,0744A,,NY,F,317,W 45th St,,0,408,E2,,YYYYYYY,,,GREY,,2018,,2,01,40-Fire Hydrant,,,
8999350861,47953MN,NY,COM,07/09/2021,14,VAN,CHEVR,T,12520,33390,11115,20210930,0001,1,1,346143,T730,H,0818A,,NY,F,100,Barclay St,,0,408,C,, YYYYYY,0700A,1000A,BK,,2019,,0,01,14-No Standing,,,
8999350873,KKW5923,NY,PAS,07/09/2021,14,SUBN,VOLKS,T,12520,33390,11115,20230509,0001,1,1,346143,T730,H,0828A,,NY,F,100,Barclay St,,0,408,C,, YYYYYY,0700A,1000A,BK,,2021,,0,01,14-No Standing,,,
8999350897,KLH4360,NY,PAS,07/09/2021,16,PICK,HONDA,T,32940,21790,11115,20230512,0001,1,1,346143,T730,H,0839A,,NY,F,99,Warren St,,0,408,K2,, YYYYY,0700A,0600P,RD,,2021,,0,01,16A-No Std (Com Veh) Non-COM,,,
8999350903,JNZ2404,NY,PAS,07/09/2021,14,4DSD,TOYOT,T,32940,0,0,20220331,0001,1,1,346143,T730,H,0849A,,NY,I,S,Warren St,20ft W/of Broadway,0,408,C,, YYYYY,0700A,0600P,WH,,2020,,0,01,14-No Standing,,,
8999350990,JRT1236,NY,PAS,07/17/2021,14,SUBN,KIA,T,34690,10910,11010,20220721,0018,18,18,346143,T730,H,0842A,,NY,F,459,W 46th St,,0,408,C,, YYYYYY,0700A,1200A,WH,,2013,,0,01,14-No Standing,,,
8999351002,BXW1427,NY,PAS,07/17/2021,16,4DSD,NISSA,T,34690,0,0,20220914,0018,18,18,346143,T730,H,1001A,,NY,I,N,W 46th St,50ft W/of 12th Ave,0,408,K2,,YYYYYYY,0600A,0600P,RD,,2015,,0,01,16A-No Std (Com Veh) Non-COM,,,
8999351014,FSW4687,NY,PAS,07/17/2021,14,4DSD,FORD,T,34690,10910,11010,20211130,0018,18,18,346143,T730,H,1005A,,NY,F,433,W 46th St,,0,408,C,, YYYYYY,0800A,1200A,WH,,0,,0,01,14-No Standing,,,
8999351040,JPR6256,NY,PAS,07/21/2021,40,4DSD,CHEVR,T,11110,0,0,20220313,0009,9,9,346143,T730,H,0731A,,NY,I,E,11th Ave,80ft S/of W 18th St,0,408,E2,,YYYYYYY,,,BK,,2019,,3,01,40-Fire Hydrant,,,
8999351051,KGS2367,NY,PAS,07/22/2021,20,4DSD,BMW,T,11115,0,0,20221123,0006,6,6,346143,T730,H,0749A,,NY,I,E,West St,20ft N/of Charles St,0,408,D,, YYYYY,0700A,0700P,GY,,2017,,0,01,20A-No Parking (Non-COM),,,
8999351075,KLW5189,NY,PAS,07/27/2021,20,4DSD,BMW,T,34670,10910,11010,20210619,0018,18,18,346143,T730,H,0806A,,NY,F,405,W 45th St,,0,408,D,, YYYYYY,0800A,0600P,RED,,2017,,0,01,20A-No Parking (Non-COM),,,
8999351087,DNM6654,NY,PAS,08/02/2021,75,4DSD,HYUN,T,34690,0,0,20220330,0018,18,18,346143,T730,H,0903A,,NY,I,N,W 46th St,40ft W/of 9th Ave,0,408,J5,,YYYYYYY,,,WH,,2006,,0,01,75-No Match-Plate/Reg. Sticker,,,
8999351129,51234ML,NY,COM,08/04/2021,20,VAN,FORD,T,11010,34490,34510,20220531,0018,18,18,346143,T730,H,0859A,,NY,F,483,10th Ave,,0,408,D,, YYYYYY,0700A,0400P,WH,,2018,,0,01,20-No Parking (Com Plate),,,
8999351130,KPG5390,NY,PAS,08/06/2021,31,4DSD,NISSA,T,34670,10810,10910,20230709,0018,18,18,346143,T730,H,0734A,,NY,O,330,W 45th St,,0,408,L3,, YYYYYY,0700A,0600P,GY,,2019,,0,01,31-No Stand (Com. Mtr. Zone),,,
8999351142,ZHE7417,NY,PAS,08/06/2021,20,4DSD,BMW,T,34670,10910,11010,20210415,0018,18,18,346143,T730,H,0807A,,NY,F,420,W 45th St,,0,408,D,, YYYYYY,0800A,0600P,BLACK,,2021,,0,01,20A-No Parking (Non-COM),,,
8999351178,HUY8496,NY,PAS,08/24/2021,40,4DSD,INFIN,T,11110,0,0,20211210,0010,10,10,346143,T730,H,0753A,,NY,I,E,11th Ave,70ft S/of W 18th St,0,408,E2,,YYYYYYY,,,WH,,0,,4,01,40-Fire Hydrant,,,
8999351221,JHS7304,NY,PAS,09/04/2021,14,4DSD,HONDA,T,10910,34630,34650,20230424,0018,18,18,346143,T730,H,0706A,,NY,F,617,9th Ave,,0,408,C,, YYYYYY,0700A,1000A,GY,,2015,,0,01,14-No Standing,,,
8999351233,KKR5665,NY,PAS,09/14/2021,16,SUBN,NISSA,T,34690,0,0,20230328,0018,18,18,346143,T730,H,0817A,,NY,I,S,W 46th St,20ft E/of 11th Ave,0,408,K2,, YYYYYY,0800A,0700P,WH,,2018,,0,01,16A-No Std (Com Veh) Non-COM,,,
8999351245,KND1547,NY,PAS,09/17/2021,14,4DSD,HONDA,T,34630,10910,11010,20230609,0018,18,18,346143,T730,H,0914A,,NY,F,441,W 43rd St,,0,408,C,, YYYYYY,0700A,0700P,BR,,2011,,0,01,14-No Standing,,,
8999351282,ERV4059,NY,PAS,09/27/2021,40,4DSD,TOYOT,T,12510,33390,11115,20230622,0006,6,6,346143,T730,H,1141A,,NY,F,166,Bank St,,0,408,E2,,YYYYYYY,,,GY,,2012,,5,01,40-Fire Hydrant,,,
8999351294,KEH4969,NY,PAS,09/29/2021,40,SUBN,HYUND,T,34690,11720,11110,20220819,0018,18,18,346143,T730,H,0812A,,NY,O,536,W 46th St,,0,408,E2,,YYYYYYY,,,BK,,2019,,4,01,40-Fire Hydrant,,,
8999351300,KHJ3457,NY,PAS,09/30/2021,20,4DSD,FORD,T,34670,10910,11010,20221217,0018,18,18,346143,T730,H,0806A,,NY,F,436,W 45th St,,0,408,D,, YYYYYY,0800A,0600P,WH,,2007,,0,01,20A-No Parking (Non-COM),,,
8999351336,KRS8736,NY,PAS,10/05/2021,16,SUBN,KIA,T,34690,10910,11010,20230711,0018,18,18,346143,T730,H,0810A,,NY,F,460,W 46th St,,0,408,K2,, YYYYY,0700A,0700P,BK,,2011,,0,01,16A-No Std (Com Veh) Non-COM,,,
8999351348,GFN5502,NY,PAS,10/05/2021,22,4DSD,ACURA,T,34690,11010,11720,20230519,0018,18,18,346143,T730,H,1134A,,NY,F,511,W 46th St,,0,408,C2,,YYYYYYY,,,BK,,2010,,0,01,22A-No St Taxi/FHV Rlf-NO TAXI,,,
8999351361,HEY8386,NY,PAS,10/12/2021,20,4DSD,CHEVR,T,34670,10910,11010,20220218,0018,18,18,346143,T730,H,0806A,,NY,F,400,W 45th St,,0,408,D,, YYYYYY,0800A,0600P,GY,,2016,,0,01,20A-No Parking (Non-COM),,,
8999351385,BCU1168,NY,PAS,10/13/2021,17,SUBN,JEEP,T,34750,10910,11010,20230928,0017,17,17,346143,T730,H,0751A,,NY,F,432,W 49th St,,0,408,C4,,SCHOOL,0700A,0400P,GY,,2011,,0,01,17-No Stand (exc auth veh),,,
8999351415,KEX5436,NY,PAS,10/14/2021,14,4DSD,HONDA,T,34810,11010,11110,20221223,0018,18,18,346143,T730,H,0749A,,NY,O,535,W 52nd St,,0,408,C,, YYYYYY,0700A,0700P,GY,,2010,,0,01,14-No Standing,,,
8999351440,JCL7166,NY,PAS,10/18/2021,31,4DSD,TOYOT,T,34710,0,0,20220906,0018,18,18,346143,T730,H,0733A,,NY,I,N,W 47th St,30ft W/of 8th Ave,0,408,L3,, YYYYY,0700A,0600P,BK,,2021,,0,01,31-No Stand (Com. Mtr. Zone),,,
8999351490,KLU7868,NY,PAS,10/19/2021,14,SUBN,JEEP,T,34690,10910,11010,20230708,0018,18,18,346143,T730,H,0806A,,NY,O,460,W 46th St,,0,408,C,, YYYYYY,0800A,1200A,BK,,2019,,0,01,14-No Standing,,,
8999351506,HCB7278,NY,PAS,10/21/2021,20,SUBN,SUBAR,T,34650,10810,10910,20211015,0018,18,18,346143,T730,H,0806A,,NY,F,339,W 44th St,,0,408,D,, YYYYYY,0800A,0600P,BL,,2014,,0,01,20A-No Parking (Non-COM),,,
8999351518,KLW2955,NY,PAS,10/21/2021,14,SUBN,KIA,T,34650,10810,10910,20230507,0018,18,18,346143,T730,H,0813A,,NY,F,305,W 44th St,,0,408,C,,YYYYYYY,,,GY,,2018,,0,01,14-No Standing,,,
8999351520,DRP4726,NY,PAS,10/21/2021,31,SUBN,TOYOT,T,10810,34650,34670,20220516,0018,18,18,346143,T730,H,0818A,,NY,F,701,8th Ave,,0,408,L3,, YYYYYY,0700A,0700P,GY,,2006,,0,01,31-No Stand (Com. Mtr. Zone),,,
8999351531,HHB9745,NY,PAS,10/22/2021,31,SUBN,NISSA,T,34670,10810,10910,20220615,0018,18,18,346143,T730,H,0720A,,NY,O,322,W 45th St,,0,408,L3,, YYYYYY,0700A,0600P,BK,,2019,,0,01,31-No Stand (Com. Mtr. Zone),,,
8999351543,GDW2379,NY,PAS,10/22/2021,31,4DSD,CHRYS,T,34670,10810,10910,20221209,0018,18,18,346143,T730,H,0726A,,NY,O,330,W 45th St,,0,408,L3,, YYYYYY,0700A,0600P,BK,,0,,0,01,31-No Stand (Com. Mtr. Zone),,,
8999451203,KLX7821,NY,PAS,07/09/2021,14,SUBN,NISSA,T,0,0,0,20230519,0077,77,77,345278,T730,B,0638A,,K,I,E,Troy Ave,150ft S/of Bergen St,0,408,C,,YYYYYYY,,,BL,,2021,,0,11,14-No Standing,,,
8999451215,FCE4593,NY,PAS,07/09/2021,16,4DSD,TOYOT,T,31530,27030,87330,20220616,0088,88,88,345278,T730,B,0812A,,K,F,230,Dekalb Ave,,0,408,K2,, YYYYY,0700A,1000A,TN,,0,,0,11,16A-No Std (Com Veh) Non-COM,,,
8999451276,KMC9249,NY,PAS,07/14/2021,40,4DSD,HONDA,T,67530,19630,29630,20230707,0070,70,70,345278,T730,A,0746A,,K,F,766,Ocean Ave,,0,408,E2,,YYYYYYY,,,MR,,2011,,0,09,40-Fire Hydrant,,,
8999451288,JJT2229,NY,PAS,07/14/2021,70,4DSD,HONDA,T,35530,0,0,20210707,0070,70,70,345278,T730,A,1107A,,K,I,S,E 16th St,10ft E/of Caton Ave,0,408,J3,,YYYYYYY,,,GY,,2013,,0,09,70A-Reg. Sticker Expired (NYS),,,
8999451331,KPH2435,NY,PAS,07/21/2021,19,4DSD,HONDA,T,43330,85330,83330,20210821,0079,79,79,345278,T730,B,0606A,,K,F,631,Gates Ave,,0,408,C3,,YYYYYYY,,,BLUE,,2010,,0,11,19-No Stand (bus stop),,,
8999451355,JNK4751,NY,PAS,07/22/2021,40,4DSD,TOYOT,T,19230,0,0,20220112,0073,73,73,345278,T730,B,0639A,,K,I,N,Bergen St,20ft W/of Mother Gas,0,408,E2,,YYYYYYY,,,BK,,2002,,0,11,40-Fire Hydrant,,,
8999451471,JHG1361,NY,PAS,08/06/2021,14,4DSD,MITSU,T,94630,0,0,20230425,0075,75,75,345278,T730,B,0930A,,K,I,S,Wortman Ave,100ft W/of Schenck A,0,408,C,,YYYYYYY,,,WH,,2019,,0,09,14-No Standing,,,
8999451513,KRS8439,NY,PAS,08/11/2021,40,4DSD,CHRYS,T,30150,87130,48730,20230707,0075,75,75,345278,T730,A,0716A,,K,F,285,Cozine Ave,,0,408,E2,,YYYYYYY,,,RD,,2013,,0,10,40-Fire Hydrant,,,
8999451549,JFG9144,NY,PAS,08/12/2021,14,4DSD,HYUND,T,0,0,0,20210214,0075,75,75,345278,T730,B,0727A,,K,I,S,Wortman Ave,150ft W/of Van Sicle,0,408,C,,YYYYYYY,,,RD,,2016,,0,10,14-No Standing,,,
8999451550,JFG9144,NY,PAS,08/12/2021,70,4DSD,HYUND,T,0,0,0,20210214,0075,75,75,345278,T730,B,0729A,,K,I,S,Wortman Ave,150ft W/of Van Sicle,0,408,J3,,YYYYYYY,,,RD,,2016,,0,10,70A-Reg. Sticker Expired (NYS),,,
8999451630,KDR1112,NY,PAS,08/23/2021,14,4DSD,TOYOT,T,67030,41330,69230,20220706,0079,79,79,345278,T730,B,0720A,,K,F,35,Nostrand Ave,,0,408,C,, YYYYY,0700A,1000A,GY,,2002,,0,11,14-No Standing,,,
8999451641,EUG4045,NY,PAS,08/23/2021,20,SUBN,GMC,T,11830,41330,69230,20211031,0088,88,88,345278,T730,B,0918A,,K,F,20,Adelphi St,,0,408,D,, YYYYY,0700A,0400P,WH,,2017,,0,11,20A-No Parking (Non-COM),,,
8999451677,KJC3331,NY,PAS,08/24/2021,71,SUBN,JEEP,T,65530,0,0,20221123,0094,94,94,345278,T730,B,1102A,,K,I,N,Noble St,55ft E/of West St,0,408,J6,,YYYYYYY,,,GY,,2015,,0,09,71-Insp. Sticker Missing (NYS,,,
8999451835,JSE2610,NY,PAS,09/01/2021,14,4DSD,NISSA,T,12130,0,0,20220523,0077,77,77,345278,T730,B,0838A,,K,I,W,Albany Ave,100ft S/of Bergen St,0,408,C,,YYYYYYY,,,GY,,2017,,0,07,14-No Standing,,,
8999451847,JSE2610,NY,PAS,09/01/2021,14,4DSD,NISSA,T,86030,0,0,20220523,0077,77,77,345278,T730,B,0858A,,K,I,W,Troy Ave,100ft S/of Bergen St,0,408,C,,YYYYYYY,,,GY,,2017,,0,07,14-No Standing,,,
8999451860,JRL6752,NY,PAS,09/10/2021,14,SUBN,CHEVR,T,42030,15320,67130,20220731,0094,94,94,345278,T730,B,0643A,,K,F,76,Franklin St,,0,408,C,,YYYYYYY,,,GY,,2019,,0,08,14-No Standing,,,
8999451872,HMV7558,NY,PAS,09/10/2021,19,2DSD,MINI,T,83330,58030,59530,20221216,0081,81,81,345278,T730,B,0809A,,K,F,434,Marcus Garvey Blvd,,0,408,C3,,YYYYYYY,,,GR,,2013,,0,08,19-No Stand (bus stop),,,
8999452001,JPC3598,NY,PAS,09/29/2021,20,4DSD,NISSA,T,83330,32030,42730,20211231,0079,79,79,345278,T730,B,0655A,,K,F,488,Marcus Garvey Blvd,,0,408,D,,YYYYYYY,,,GY,,2019,,0,10,20A-No Parking (Non-COM),,,
8999452025,KDX8785,NY,PAS,09/30/2021,40,SUBN,NISSA,T,12130,72730,69330,20220720,0077,77,77,345278,T730,B,0647A,,K,F,205,Albany Ave,,0,408,E2,,YYYYYYY,,,GY,,2017,,0,08,40-Fire Hydrant,,,
8999452049,KNV7952,NY,PAS,09/30/2021,19,SUBN,SUBAR,T,92430,46030,54010,20230701,0094,94,94,345278,T730,B,0924A,,K,F,104,West St,,0,408,C3,,YYYYYYY,,,OR,,2018,,0,08,19-No Stand (bus stop),,,
8999452050,KDR7796,NY,PAS,10/01/2021,14,4DSD,TOYOT,T,13430,23530,53940,20220708,0073,73,73,345278,T730,B,0726A,,K,F,1851,Atlantic Ave,,0,408,C,, YYYYY,0700A,1000A,GY,,2010,,0,10,14-No Standing,,,
8999452062,KDR7796,NY,PAS,10/01/2021,71,4DSD,TOYOT,T,13430,23530,53940,20220708,0073,73,73,345278,T730,B,0727A,,K,F,1851,Atlantic Ave,,0,408,J6,,YYYYYYY,,,GY,,2010,,0,10,71A-Insp Sticker Expired (NYS),,,
8999452074,KDR7796,NY,PAS,10/01/2021,14,4DSD,TOYOT,T,38430,68930,13430,20220708,0073,73,73,345278,T730,B,0736A,,K,F,1851,Eastern Pky,,0,408,C,, YYYYY,0700A,1000A,GY,,2010,,0,10,14-No Standing,,,
8999452086,KDR7796,NY,PAS,10/01/2021,71,4DSD,TOYOT,T,38430,68930,13430,20220708,0073,73,73,345278,T730,B,0741A,,K,F,1851,Eastern Pky,,0,408,J6,,YYYYYYY,,,GY,,2010,,0,10,71A-Insp Sticker Expired (NYS),,,
8999452130,JLC5136,NY,PAS,10/04/2021,40,2DSD,AUDI,T,67530,44430,13980,20210723,0070,70,70,345278,T730,B,0810A,,K,F,1280,Ocean Ave,,0,408,E2,,YYYYYYY,,,WH,,2019,,0,08,40-Fire Hydrant,,,
8999452141,JLC5136,NY,PAS,10/04/2021,70,2DSD,AUDI,T,67530,44430,13980,20210723,0070,70,70,345278,T730,B,0812A,,K,F,1280,Ocean Ave,,0,408,J3,,YYYYYYY,,,WH,,2019,,0,08,70A-Reg. Sticker Expired (NYS),,,
8999452256,KLT8473,NY,PAS,10/12/2021,14,4DSD,NISSA,T,67030,27330,45930,20230811,0079,79,79,345278,T730,B,0710A,,K,F,289,Nostrand Ave,,0,408,C,, YYYYY,0700A,1000A,LTG,,2009,,0,08,14-No Standing,,,
8999452268,KHT8378,NY,PAS,10/12/2021,14,4DSD,HONDA,T,18630,93630,73830,20221203,0079,79,79,345278,T730,B,0820A,,K,F,535,Bedford Ave,,0,408,C,, YYYYY,0700A,1000A,BL,,2020,,0,08,14-No Standing,,,
8999452281,KLB6139,NY,PAS,10/12/2021,19,4DSD,BUICK,T,63030,74830,67030,20230331,0079,79,79,345278,T730,B,1104A,,K,F,744,Myrtle Ave,,0,408,C3,,YYYYYYY,,,GREY,,2017,,0,08,19-No Stand (bus stop),,,
8999452335,JCG2852,NY,PAS,10/15/2021,14,4DSD,CHEVR,T,13430,70370,67030,20221202,0079,79,79,345278,T730,B,0715A,,K,F,1229,Atlantic Ave,,0,408,C,, YYYYYY,0700A,1000A,TN,,2013,,0,07,14-No Standing,,,
8999452360,JPX9535,NY,PAS,10/25/2021,19,SUBN,TOYOT,T,86030,68930,31830,20211207,0077,77,77,345278,T730,B,0705A,,K,O,98,Troy Ave,,0,408,C3,,YYYYYYY,,,GY,,2012,,0,09,19-No Stand (bus stop),,,
8999500366,KEJ6435,NY,PAS,07/09/2021,20,SUBN,HYUN,T,33950,10410,13113,20220910,0006,6,6,345047,T730,X1,0843A,,NY,F,6,W 9th St,,0,408,D,, YYYYYY,0800A,0600P,BLACK,,2017,,0,07,20A-No Parking (Non-COM),,,
8999500378,KEV7832,NY,PAS,07/12/2021,20,SUBN,JEEP,T,13460,97950,14010,20220929,0005,5,5,345047,T730,X1,0827A,,NY,F,54,Bowery,,0,408,D,, YYYYYY,0800A,0600P,GY,,2017,,0,05,20A-No Parking (Non-COM),,,
8999500457,KGA6923,NY,PAS,08/06/2021,20,SUBN,ACURA,T,45470,21690,13810,20221004,0005,5,5,345047,T730,X1,0844A,,NY,F,33,Wooster St,,0,408,D,, YYYYY,0800A,0600P,BL,,2020,,0,06,20A-No Parking (Non-COM),,,
8999500469,KEP1587,NY,PAS,08/07/2021,75,4DSD,NISSA,T,16000,0,0,20220904,0009,9,9,345047,T730,X2,0719A,,NY,I,W,Cooper Sq,50ft N/of E 4th St,0,408,J5,,YYYYYYY,,,GY,,2012,,0,05,75-No Match-Plate/Reg. Sticker,,,
8999500482,GPK9780,NY,PAS,08/07/2021,20,SUBN,HONDA,T,17170,10410,32645,20220422,0009,9,9,345047,T730,X2,0928A,,NY,F,20,E 9th St,,0,408,D,, YYYYYY,0800A,0600P,GY,,2019,,0,05,20A-No Parking (Non-COM),,,
8999500494,JFZ3960,NY,PAS,08/09/2021,20,SUBN,CHRYS,T,10210,0,0,20230109,0009,9,9,345047,T730,X1,0847A,,NY,I,W,3rd Ave,10ft N/of Astor Pl,0,408,D,, YYYYY,0800A,0600P,RD,,2015,,0,07,20A-No Parking (Non-COM),,,
8999500512,HMX6449,NY,PAS,08/10/2021,31,4DSD,HONDA,T,34030,0,0,20230209,0013,13,13,345047,T730,X1,0842A,,NY,I,S,W 13th St,10ft E/of 9th Ave,0,408,L3,, YYYYY,0700A,0400P,BL,,2008,,0,05,31-No Stand (Com. Mtr. Zone),,,
8999500524,KEK3240,NY,PAS,08/12/2021,20,4DSD,VOLKS,T,21740,28690,10610,20220902,0006,6,6,345047,T730,X2,0826A,,NY,F,64,Greenwich Ave,,0,408,D,, YYYYY,0800A,0600P,BK,,2020,,0,04,20A-No Parking (Non-COM),,,
8999500536,GDN4379,NY,PAS,08/14/2021,16,SUBN,TOYOT,T,13460,31490,19890,20230318,0005,5,5,345047,T730,X1,0731A,,NY,F,273,Bowery,,0,408,K2,, YYYYYY,0700A,1000A,GY,,2013,,0,07,16A-No Std (Com Veh) Non-COM,,,
8999500573,KFX1194,NY,PAS,08/16/2021,20,4DSD,HYUND,T,21730,29290,45090,20220922,0005,5,5,345047,T730,X2,0857A,,NY,O,134,Greene St,,0,408,D,, YYYYY,0800A,0600P,BL,,2020,,0,04,20A-No Parking (Non-COM),,,
8999500627,KNZ6041,NY,PAS,09/09/2021,31,SUBN,SUBAR,T,34110,10510,10610,20230806,0010,10,10,345047,T730,X1,1004A,,NY,F,101,W 17th St,,0,408,L3,, YYYYY,0800A,0600P,GY,,2021,,0,04,31-No Stand (Com. Mtr. Zone),,,
8999500688,KJX4007,NY,PAS,09/25/2021,20,SUBN,SUBAR,T,90130,41330,69230,20230307,0088,88,88,345047,T730,X1,0247P,,K,F,25,Waverly Ave,,0,408,D,, YYYYYY,0800A,0600P,WH,,2019,,0,04,20A-No Parking (Non-COM),,,
8999500720,KEV4476,NY,PAS,10/19/2021,19,SUBN,JEEP,T,16000,0,0,20220921,0005,5,5,345047,T730,X1,0845A,,NY,I,W,Cooper Sq,70ft N/of E 4th St,0,408,C3,,YYYYYYY,,,GY,,2020,,0,06,19-No Stand (bus stop),,,
8999500731,BWD9178,NY,PAS,10/21/2021,19,SUBN,SUBAR,T,16000,0,0,20220725,0009,9,9,345047,T730,X1,0853A,,NY,I,W,Cooper Sq,70ft N/of E 4th St,0,408,C3,,YYYYYYY,,,WH,,2019,,0,06,19-No Stand (bus stop),,,
8999550655,KDB2687,NY,PAS,06/29/2021,14,4DSD,HONDA,T,23930,25230,33430,20220701,0083,83,83,349451,T730,B,0746A,,K,F,757,Bushwick Ave,,0,408,C,, YYYYY,0700A,1000A,RD,,2017,,0,08,14-No Standing,,,
8999550709,HUY3895,NY,PAS,07/08/2021,14,4DSD,NISSA,T,25130,0,0,20211030,0070,70,70,349451,T730,B,0456P,,K,I,N,Caton Ave,15ft E/of Marlboroug,0,408,C,,YYYYYYY,,,BK,,2017,,0,08,14-No Standing,,,
8999550722,JLS1043,NY,PAS,07/09/2021,70,4DSD,NISSA,T,67530,33530,32930,20210628,0070,70,70,349451,T730,B,1001A,,K,F,911,Ocean Ave,,0,408,J3,,YYYYYYY,,,BLACK,,2009,,0,08,70A-Reg. Sticker Expired (NYS),,,
8999550734,CZN4986,NY,PAS,07/09/2021,50,4DSD,HONDA,T,0,0,0,20220907,0070,70,70,349451,T730,B,1013A,,K,I,E,Ocean Ave,0ft S/of Cortelyou R,0,408,E5,,YYYYYYY,,,GY,,2008,,0,08,50-Crosswalk,,,
8999550746,KMG6747,NY,PAS,08/02/2021,74,4DSD,VOLVO,T,87130,81050,94630,20230705,0075,75,75,349451,T730,B,0603P,,K,O,869,Van Siclen Ave,,0,408,J2,,YYYYYYY,,,GR,,2006,,0,08,74B-Covered Plate,,,
8999601432,KMK3269,NY,PAS,06/28/2021,14,4DSD,HYUN,T,78530,0,0,20230504,0090,90,90,345535,T730,G,0716A,,K,I,S,S 5th St,10ft E/of Bedford Av,0,408,C,,YYYYYYY,,,RD,,2015,,0,01,14-No Standing,,,
8999601444,JDL3305,NY,PAS,06/28/2021,14,2DSD,INFIN,T,54000,78935,33030,20221120,0090,90,90,345535,T730,G,0731A,,K,O,475,Kent Ave,,0,408,C,,YYYYYYY,,,BK,,2018,,0,01,14-No Standing,,,
8999601456,HLA7229,NY,PAS,06/28/2021,20,SUBN,NISSA,T,19530,0,0,20221128,0090,90,90,345535,T730,G,0753A,,K,I,W,Berry St,20ft N/of S 10th St,0,408,D,, YYYYY,0700A,0600P,BK,,2008,,0,01,20A-No Parking (Non-COM),,,
8999601468,KMK7011,NY,PAS,06/29/2021,14,4DSD,AUDI,T,93230,0,0,20210712,0088,88,88,345535,T730,G,0642A,,K,I,N,Willoughby Ave,60ft E/of Hall St,0,408,C,,YYYYYYY,,,WHITE,,2013,,0,01,14-No Standing,,,
8999601481,GKU5411,NY,PAS,06/29/2021,20,4DSD,NISSA,T,26730,45930,55730,20210926,0088,88,88,345535,T730,G,0655A,,K,F,399,Classon Ave,,0,408,D,,YYYYYYY,,,BL,,2012,,0,01,20A-No Parking (Non-COM),,,
8999601511,KJC8687,NY,PAS,06/29/2021,50,SUBN,HYUN,T,0,0,0,20221202,0079,79,79,345535,T730,G,1208P,,K,I,N,Dekalb Ave,0ft E/of Skillman St,0,408,E5,,YYYYYYY,,,GY,,2020,,0,01,50-Crosswalk,,,
8999601535,KLH2829,NY,PAS,06/30/2021,14,SUBN,HONDA,T,78530,0,0,20230401,0090,90,90,345535,T730,G,0735A,,K,I,S,S 5th St,20ft E/of Berry St,0,408,C,,YYYYYYY,,,GY,,2017,,0,01,14-No Standing,,,
8999601547,KEC9172,NY,PAS,06/30/2021,20,SUBN,NISSA,T,78630,95030,19530,20220923,0090,90,90,345535,T730,G,0745A,,K,O,57,S 6th St,,0,408,D,, YYYYY,0700A,0600P,WH,,2016,,0,01,20A-No Parking (Non-COM),,,
8999601559,KKM8767,NY,PAS,06/30/2021,20,SUBN,PORSC,T,95030,0,0,20230321,0090,90,90,345535,T730,G,0757A,,K,I,E,Wythe Ave,20ft N/of N 1st St,0,408,D,, YYYYYY,0700A,0600P,BK,,2017,,0,01,20A-No Parking (Non-COM),,,
8999601560,JPG3068,NY,PAS,07/01/2021,40,SUBN,CHRYS,T,26730,0,0,20211218,0090,90,90,345535,T730,G,0635A,,K,I,E,Classon Ave,20ft S/of Willoughby,0,408,E2,,YYYYYYY,,,BK,,2020,,0,01,40-Fire Hydrant,,,
8999601572,JKY8641,NY,PAS,07/01/2021,19,4DSD,CHRYS,T,95030,0,0,20220131,0090,90,90,345535,T730,G,0714A,,K,I,W,Wythe Ave,2ft N/of Ross St,0,408,C3,,YYYYYYY,,,GY,,2015,,0,01,19-No Stand (bus stop),,,
8999601596,EVA8017,NY,PAS,07/01/2021,14,SUBN,CHEVR,T,54000,0,0,20210913,0090,90,90,345535,T730,G,0735A,,K,I,E,Kent Ave,12ft N/of S 6th St,0,408,C,,YYYYYYY,,,BK,,2017,,0,01,14-No Standing,,,
8999601638,JRN4482,NY,PAS,07/08/2021,20,4DSD,BMW,T,54000,74030,62730,20220603,0090,90,90,345535,T730,G,0815A,,K,F,535,Kent Ave,,0,408,D,, YYYYY,0800A,0600P,GY,,2014,,0,01,20A-No Parking (Non-COM),,,
8999601640,JRN4482,NY,PAS,07/08/2021,74,4DSD,BMW,T,54000,74030,62730,20220603,0090,90,90,345535,T730,G,0816A,,K,F,535,Kent Ave,,0,408,J2,,YYYYYYY,,,GY,,2014,,0,01,74-Missing Display Plate,,,
8999601705,KPC7534,NY,PAS,07/13/2021,19,SUBN,NISSA,T,31530,41930,77530,20230618,0079,79,79,345535,T730,G,0738A,,K,F,501,Dekalb Ave,,0,408,C3,,YYYYYYY,,,GL,,2013,,0,01,19-No Stand (bus stop),,,
8999601730,GKL7826,NY,PAS,07/14/2021,14,4DSD,ACURA,T,0,0,0,20210906,0088,88,88,345535,T730,G,1008A,,K,I,N,Lafayette Ave,110ft E/of St James,0,408,C,,YYYYYYY,,,GY,,2010,,0,01,14-No Standing,,,
8999601742,JKD6723,NY,PAS,07/14/2021,16,SUBN,BMW,T,27330,26730,41930,20230624,0088,88,88,345535,T730,G,1015A,,K,O,174,Clifton Pl,,0,408,K2,, YYYYY,0700A,0100P,GR,,2019,,0,01,16A-No Std (Com Veh) Non-COM,,,
8999601754,JMR2587,NY,PAS,07/14/2021,19,4DSD,NISSA,T,54130,26730,41930,20211031,0088,88,88,345535,T730,G,1018A,,K,F,394,Lafayette Ave,,0,408,C3,,YYYYYYY,,,BL,,2019,,0,01,19-No Stand (bus stop),,,
8999601780,KJX6460,NY,PAS,07/15/2021,53,4DSD,HONDA,T,27630,53933,18630,20230614,0090,90,90,345535,T730,G,0720A,,K,F,115,Clymer St,,0,408,F6,,YYYYYYY,,,GY,,2007,,0,02,53-Safety Zone,,,
8999601810,KHL2602,NY,PAS,07/15/2021,16,CONV,SAAB,T,73375,45130,65830,20221030,0090,90,90,345535,T730,G,0929A,,K,F,66,River St,,0,408,K2,, YYYYYY,0300A,0100P,BLG,,2003,,0,02,16A-No Std (Com Veh) Non-COM,,,
8999601821,GGZ3364,NY,PAS,07/15/2021,14,4DSD,KIA,T,54000,0,0,20230607,0094,94,94,345535,T730,G,1003A,,K,I,W,Kent Ave,20ft N/of Metropolit,0,408,C,,YYYYYYY,,,GY,,2016,,0,02,14-No Standing,,,
8999601833,KGY2353,NY,PAS,07/16/2021,16,SUBN,KIA,T,95030,0,0,20221111,0090,90,90,345535,T730,G,0709A,,K,I,E,Wythe Ave,30ft N/of Division A,0,408,K2,, YYYYY,0700A,1000A,BK,,2021,,0,01,16A-No Std (Com Veh) Non-COM,,,
8999601845,KHA2931,NY,PAS,07/16/2021,20,SUBN,HONDA,T,65830,95030,19530,20210826,0090,90,90,345535,T730,G,0722A,,K,F,86,N 1st St,,0,408,D,, YYYYYY,0700A,0700P,WH,,2011,,0,01,20A-No Parking (Non-COM),,,
8999601857,KFG4533,NY,PAS,07/16/2021,14,SUBN,HONDA,T,78530,19530,18630,20220922,0090,90,90,345535,T730,G,0729A,,K,F,109,S 5th St,,0,408,C,,YYYYYYY,,,GY,,2007,,0,01,14-No Standing,,,
8999601869,KPG4482,NY,PAS,07/16/2021,14,4DSD,HONDA,T,78530,19530,18630,20210722,0090,90,90,345535,T730,G,0730A,,K,F,109,S 5th St,,0,408,C,,YYYYYYY,,,RED,,2017,,0,01,14-No Standing,,,
8999601870,KLW7242,NY,PAS,07/19/2021,14,SUBN,JEEP,T,18630,27630,84330,20230529,0090,90,90,345535,T730,G,0729A,,K,F,505,Bedford Ave,,0,408,C,, YYYYY,0700A,1000A,WH,,2019,,0,02,14-No Standing,,,
8999601882,KFP4002,NY,PAS,07/19/2021,14,SUBN,SUBAR,T,54000,78935,33030,20221112,0090,90,90,345535,T730,G,0744A,,K,O,475,Kent Ave,,0,408,C,, YYYYYY,0700A,0700P,GY,,2005,,0,02,14-No Standing,,,
8999601912,GYV6244,NY,PAS,07/19/2021,14,4DSD,VOLKS,T,66130,19530,18630,20230518,0094,94,94,345535,T730,G,0817A,,K,F,110,N 5th St,,0,408,C,,YYYYYYY,,,BLACK,,2012,,0,02,14-No Standing,,,
8999601950,KJN2261,NY,PAS,07/20/2021,51,4DSD,HONDA,T,73375,45130,65830,20230112,0090,90,90,345535,T730,G,1004A,,K,F,66,River St,,0,408,E3,,YYYYYYY,,,WH,,2021,,0,01,51-Sidewalk,,,
8999601961,KNF8577,NY,PAS,07/21/2021,53,SUBN,VOLVO,T,73830,95030,18630,20230616,0090,90,90,345535,T730,G,0725A,,K,O,90,Ross St,,0,408,F6,,YYYYYYY,,,BK,,2021,,0,02,53-Safety Zone,,,
8999601985,KDT2728,NY,PAS,07/21/2021,14,SUBN,SUBAR,T,54000,0,0,20220610,0090,90,90,345535,T730,G,0744A,,K,I,W,Kent Ave,25ft N/of Metropolit,0,408,C,,YYYYYYY,,,WH,,2017,,0,02,14-No Standing,,,
8999601997,JNM6921,NY,PAS,07/21/2021,14,SUBN,HONDA,T,78430,54000,95030,20220123,0090,90,90,345535,T730,G,0814A,,K,O,20,S 4th St,,0,408,C,, YYYYY,0800A,0500P,GY,,2011,,0,02,14-No Standing,,,
8999602011,FAL8116,NY,PAS,07/21/2021,14,SUBN,JEEP,T,78430,54000,95030,20220516,0090,90,90,345535,T730,G,0817A,,K,O,20,S 4th St,,0,408,C,, YYYYY,0800A,0500P,GY,,2016,,0,02,14-No Standing,,,
8999602023,JNX2857,NY,PAS,07/22/2021,20,SUBN,LEXUS,T,26730,45930,55730,20220401,0088,88,88,345535,T730,G,0704A,,K,F,384,Classon Ave,,0,408,D,,YYYYYYY,,,GY,,2020,,0,01,20A-No Parking (Non-COM),,,
8999602035,HEZ9797,NY,PAS,07/22/2021,19,4DSD,NISSA,T,26730,27330,45930,20220317,0088,88,88,345535,T730,G,0710A,,K,F,393,Classon Ave,,0,408,C3,,YYYYYYY,,,BK,,2019,,0,01,19-No Stand (bus stop),,,
8999602114,KEV6979,NY,PAS,07/23/2021,53,SUBN,KIA,T,73830,95030,18630,20220930,0090,90,90,345535,T730,G,0744A,,K,F,55,Ross St,,0,408,F6,,YYYYYYY,,,BL,,2017,,0,01,53-Safety Zone,,,
8999602138,JMJ1977,NY,PAS,07/26/2021,20,SUBN,TOYOT,T,78130,54000,95030,20211103,0090,90,90,345535,T730,G,0822A,,K,O,57,S 1st St,,0,408,D,, YYYYY,0800A,0600P,GL,,2009,,0,01,20A-No Parking (Non-COM),,,
8999602140,HWY3527,NY,PAS,07/26/2021,20,SUBN,BMW,T,66030,95030,19530,20220811,0090,90,90,345535,T730,G,0833A,,K,F,76,N 4th St,,0,408,D,, YYYYY,0800A,0600P,GY,,2011,,0,01,20A-No Parking (Non-COM),,,
8999602151,JJY9829,NY,PAS,07/26/2021,20,4DSD,TOYOT,T,66030,95030,19530,20210528,0090,90,90,345535,T730,G,0834A,,K,F,76,N 4th St,,0,408,D,, YYYYY,0800A,0600P,WH,,2012,,0,01,20A-No Parking (Non-COM),,,
8999602175,KKM1987,NY,PAS,07/27/2021,14,SUBN,CHEVR,T,54130,80230,45030,20230328,0088,88,88,345535,T730,G,0706A,,K,F,284,Lafayette Ave,,0,408,C,,YYYYYYY,,,GY,,2021,,0,01,14-No Standing,,,
8999602187,JKZ9544,NY,PAS,07/27/2021,16,4DSD,BMW,T,54130,80230,45030,20211107,0088,88,88,345535,T730,G,0714A,,K,F,325,Lafayette Ave,,0,408,K2,, YYYYYY,0700A,0400P,BK,,2010,,0,01,16A-No Std (Com Veh) Non-COM,,,
8999602199,KHV6846,NY,PAS,07/27/2021,16,SUBN,SUBAR,T,54130,80230,45030,20230404,0088,88,88,345535,T730,G,0715A,,K,F,325,Lafayette Ave,,0,408,K2,, YYYYYY,0700A,0400P,BK,,2021,,0,01,16A-No Std (Com Veh) Non-COM,,,
8999602230,KNR7846,NY,PAS,07/28/2021,10,4DSD,LEXUS,T,31530,67030,58730,20220807,0079,79,79,345535,T730,G,0702A,,K,O,627,Dekalb Ave,,0,408,B,,YYYYYYY,,,WH,,2017,,0,01,10-No Stopping,,,
8999602254,KKL5957,NY,PAS,07/29/2021,16,4DSD,DODGE,T,73375,45130,65830,20230314,0090,90,90,345535,T730,G,0730A,,K,F,66,River St,,0,408,K2,, YYYYYY,0300A,0100P,WH,,2016,,0,01,16A-No Std (Com Veh) Non-COM,,,
8999602266,KFN6601,NY,PAS,07/29/2021,14,SUBN,DODGE,T,54000,0,0,20220820,0090,90,90,345535,T730,G,0740A,,K,I,W,Kent Ave,20ft N/of Metropolit,0,408,C,,YYYYYYY,,,WH,,2014,,0,01,14-No Standing,,,
8999602278,DWF8583,NY,PAS,07/29/2021,20,4DSD,BMW,T,65830,95030,19530,20230301,0090,90,90,345535,T730,G,0751A,,K,F,86,N 1st St,,0,408,D,, YYYYYY,0700A,0700P,GY,,0,,0,01,20A-No Parking (Non-COM),,,
8999602280,KDA2259,NY,PAS,07/29/2021,14,SUBN,HONDA,T,78530,0,0,20220622,0090,90,90,345535,T730,G,0758A,,K,I,N,S 5th St,10ft E/of Bedford Av,0,408,C,,YYYYYYY,,,GY,,2003,,0,01,14-No Standing,,,
8999602291,HVJ4134,NY,PAS,07/29/2021,20,SUBN,CHEVR,T,66230,54000,95030,20210917,0090,90,90,345535,T730,G,0812A,,K,F,57,N 6th St,,0,408,D,, YYYYY,0700A,0600P,BK,,2019,,0,01,20A-No Parking (Non-COM),,,
8999602308,HVJ4134,NY,PAS,07/29/2021,20,4DSD,CHEVR,T,78630,95030,19530,20210917,0090,90,90,345535,T730,G,0817A,,K,F,57,S 6th St,,0,408,D,, YYYYY,0700A,0600P,BLACK,,2019,,0,01,20A-No Parking (Non-COM),,,
8999602321,AVY4962,NY,PAS,08/03/2021,53,SUBN,KIA,T,95030,27630,84330,20211118,0090,90,90,345535,T730,G,0709A,,K,F,614,Wythe Ave,,0,408,F6,,YYYYYYY,,,GY,,2020,,0,01,53-Safety Zone,,,
8999602382,JKE6414,NY,PAS,08/04/2021,40,SUBN,FORD,T,78930,95030,19530,20210930,0090,90,90,345535,T730,G,0636A,,K,F,56,S 10th St,,0,408,E2,,YYYYYYY,,,WHITE,,2020,,0,01,40-Fire Hydrant,,,
8999602394,JKE6414,NY,PAS,08/04/2021,73,SUBN,FORD,T,78930,95030,19530,20210930,0090,90,90,345535,T730,G,0638A,,K,F,56,S 10th St,,0,408,J4,,YYYYYYY,,,WHITE,,2020,,0,01,73-Reg Stkr Mutilated,,,
8999602400,JKE6414,NY,PAS,08/04/2021,71,SUBN,FORD,T,78930,95030,19530,20210930,0090,90,90,345535,T730,G,0639A,,K,F,56,S 10th St,,0,408,J6,,YYYYYYY,,,WHITE,,2020,,0,01,71A-Insp Sticker Expired (NYS),,,
8999602424,HWZ8417,NY,PAS,08/04/2021,20,4DSD,KIA,T,78330,18630,34130,20220419,0090,90,90,345535,T730,G,0702A,,K,F,161,S 3rd St,,0,408,D,,YYYYYYY,,,WH,,2015,,0,01,20A-No Parking (Non-COM),,,
8999602436,KLL4046,NY,PAS,08/04/2021,53,SUBN,ME/BE,T,73830,95030,18630,20230616,0090,90,90,345535,T730,G,0714A,,K,O,90,Ross St,,0,408,F6,,YYYYYYY,,,GY,,2002,,0,01,53-Safety Zone,,,
8999602448,JNT6115,NY,PAS,08/05/2021,16,SUBN,JEEP,T,27330,26730,41930,20220122,0079,79,79,345535,T730,G,0708A,,K,O,174,Clifton Pl,,0,408,K2,, YYYYY,0700A,0100P,BK,,2020,,0,01,16A-No Std (Com Veh) Non-COM,,,
8999602450,KGJ3240,NY,PAS,08/05/2021,16,4DSD,BMW,T,27330,26730,41930,20230309,0079,79,79,345535,T730,G,0710A,,K,O,174,Clifton Pl,,0,408,K2,, YYYYY,0700A,0100P,GY,,2015,,0,01,16A-No Std (Com Veh) Non-COM,,,
8999602461,JGZ2516,NY,PAS,08/05/2021,14,SUBN,HONDA,T,31530,77530,18630,20210710,0079,79,79,345535,T730,G,0729A,,K,F,515,Dekalb Ave,,0,408,C,, YYYYY,0700A,1000A,BK,,2019,,0,01,14-No Standing,,,
8999602473,JSC8808,NY,PAS,08/05/2021,10,4DSD,SUBAR,T,31530,89330,67030,20200726,0079,79,79,345535,T730,G,0802A,,K,F,590,Dekalb Ave,,0,408,B,,YYYYYYY,,,GREEN,,2020,,0,01,10-No Stopping,,,
8999602497,KLT6545,NY,PAS,08/06/2021,14,4DSD,VOLKS,T,93230,0,0,20230629,0088,88,88,345535,T730,G,0704A,,K,I,N,Willoughby Ave,65ft E/of Hall St,0,408,C,,YYYYYYY,,,WH,,2016,,0,01,14-No Standing,,,
8999602515,KEN1776,NY,PAS,08/06/2021,20,SUBN,KIA,T,26730,45930,55730,20230117,0079,79,79,345535,T730,G,0725A,,K,F,384,Classon Ave,,0,408,D,,YYYYYYY,,,BK,,2020,,0,01,20A-No Parking (Non-COM),,,
8999602540,HVZ3097,NY,PAS,08/09/2021,14,SUBN,VOLKS,T,95030,0,0,20211030,0090,90,90,345535,T730,G,0740A,,K,I,W,Wythe Ave,36ft S/of S 10th St,0,408,C,,YYYYYYY,,,GY,,2021,,0,01,14-No Standing,,,
8999602552,KKR2228,NY,PAS,08/09/2021,14,SUBN,LEXUS,T,18630,0,0,20230218,0090,90,90,345535,T730,G,0753A,,K,I,E,Bedford Ave,15ft N/of Wilson St,0,408,C,, YYYYY,0700A,1000A,BK,,2021,,0,01,14-No Standing,,,
8999602576,KHT4896,NY,PAS,08/09/2021,20,SUBN,FORD,T,93530,81230,93230,20221130,0090,90,90,345535,T730,G,0905A,,K,O,120,Wilson Ave,,0,408,D,,YYYYYYY,,,BK,,2020,,0,01,20A-No Parking (Non-COM),,,
8999602588,KHT4896,NY,PAS,08/09/2021,87,SUBN,FORD,T,93530,81230,93230,20221130,0090,90,90,345535,T730,G,0907A,,K,O,120,Wilson Ave,,0,408,O3,,YYYYYYY,,,BK,,2020,,0,01,87-Fraudulent Permit Use,,,
8999602590,JGJ8746,NY,PAS,08/09/2021,20,SUBN,JEEP,T,93530,81230,93230,20230218,0090,90,90,345535,T730,G,0908A,,K,O,120,Wilson Ave,,0,408,D,,YYYYYYY,,,RD,,2019,,0,01,20A-No Parking (Non-COM),,,
8999602631,KNB4815,NY,PAS,08/10/2021,14,4DSD,HONDA,T,55730,26730,41930,20230707,0079,79,79,345535,T730,G,0725A,,K,F,115,Lexington Ave,,0,408,C,,YYYYYYY,,,RD,,2017,,0,01,14-No Standing,,,
8999602655,623058,NY,PAS,08/11/2021,19,SUBN,JEEP,T,31530,41930,77530,20230628,0079,79,79,345535,T730,G,0659A,,K,F,501,Dekalb Ave,,0,408,C3,,YYYYYYY,,,RD,,2019,,0,01,19-No Stand (bus stop),,,
8999602667,KDX9082,NY,PAS,08/11/2021,14,4DSD,CHEVR,T,31530,41930,77530,20220729,0079,79,79,345535,T730,G,0706A,,K,F,505,Dekalb Ave,,0,408,C,, YYYYY,0700A,1000A,GY,,2017,,0,01,14-No Standing,,,
8999602679,KPW6730,NY,PAS,08/11/2021,20,SUBN,MAZDA,T,54130,26730,41930,20230815,0079,79,79,345535,T730,G,0724A,,K,F,404,Lafayette Ave,,0,408,D,,YYYYYYY,,,BL,,2016,,0,01,20A-No Parking (Non-COM),,,
8999602692,KKF1157,NY,PAS,08/12/2021,53,4DSD,NISSA,T,54000,78730,78830,20230228,0090,90,90,345535,T730,G,0637A,,K,F,420,Kent Ave,,0,408,F6,,YYYYYYY,,,GY,,2016,,0,01,53-Safety Zone,,,
8999602709,JNV9437,NY,PAS,08/12/2021,14,2DSD,MINI,T,95030,0,0,20220308,0090,90,90,345535,T730,G,0656A,,K,I,W,Wythe Ave,30ft N/of S 10th St,0,408,C,,YYYYYYY,,,BL,,2010,,0,01,14-No Standing,,,
8999602710,KMM4109,NY,PAS,08/12/2021,53,SUBN,TOYOT,T,73830,95030,18630,20230504,0090,90,90,345535,T730,G,0703A,,K,O,106,Ross St,,0,408,F6,,YYYYYYY,,,GY,,2021,,0,01,53-Safety Zone,,,
8999602734,KNV3579,NY,PAS,08/13/2021,20,4DSD,HYUND,T,54130,26730,41930,20230525,0079,79,79,345535,T730,G,0719A,,K,F,404,Lafayette Ave,,0,408,D,,YYYYYYY,,,GY,,2021,,0,01,20A-No Parking (Non-COM),,,
8999602746,KJA6102,NY,PAS,08/13/2021,14,SUBN,JEEP,T,73050,18630,67030,20230107,0079,79,79,345535,T730,G,0728A,,K,F,197,Quincy St,,0,408,C,, YYYYY,0700A,0600P,BR,,2016,,0,01,14-No Standing,,,
8999602771,JCL3138,NY,PAS,08/18/2021,20,SUBN,CHRYS,T,54000,0,0,20220903,0090,90,90,345535,T730,G,0806A,,K,I,E,Kent Ave,50ft N/of Division A,0,408,D,, YYYYY,0800A,0600P,BK,,2018,,0,01,20A-No Parking (Non-COM),,,
8999602783,HSV6915,NY,PAS,08/18/2021,20,4DSD,CHRYS,T,19530,66330,66230,20220517,0090,90,90,345535,T730,G,0826A,,K,F,128,Berry St,,0,408,D,, YYYYY,0400A,0400P,BK,,2015,,0,01,20A-No Parking (Non-COM),,,
8999602795,KNY3044,NY,PAS,08/19/2021,14,4DSD,HONDA,T,93230,0,0,20210919,0088,88,88,345535,T730,G,0705A,,K,I,N,Willoughby Ave,65ft E/of Hall St,0,408,C,,YYYYYYY,,,GREY,,2021,,0,01,14-No Standing,,,
8999602801,HLB7308,NY,PAS,08/19/2021,16,SUBN,TOYOT,T,54130,45030,26730,20221208,0088,88,88,345535,T730,G,0717A,,K,O,326,Lafayette Ave,,0,408,K2,, YYYYYY,0700A,0400P,RD,,2004,,0,01,16A-No Std (Com Veh) Non-COM,,,
8999602862,GEG6260,NY,PAS,08/26/2021,14,SUBN,FORD,T,54130,80230,45030,20230227,0088,88,88,345535,T730,G,0804A,,K,O,310,Lafayette Ave,,0,408,C,,YYYYYYY,,,BK,,2020,,0,01,14-No Standing,,,
8999602886,KDX1105,NY,PAS,08/26/2021,20,SUBN,HONDA,T,43330,67030,58730,20220724,0079,79,79,345535,T730,G,0822A,,K,O,435,Gates Ave,,0,408,D,,YYYYYYY,,,WH,,2018,,0,01,20A-No Parking (Non-COM),,,
8999602898,HZD4237,NY,PAS,08/26/2021,10,SUBN,VOLKS,T,31530,89330,67030,20220626,0079,79,79,345535,T730,G,0831A,,K,F,590,Dekalb Ave,,0,408,B,,YYYYYYY,,,GY,,2016,,0,01,10-No Stopping,,,
8999602916,KEN3217,NY,PAS,08/26/2021,20,SUBN,SUBAR,T,43330,67030,58730,20220925,0088,88,88,345535,T730,G,1058A,,K,O,435,Gates Ave,,0,408,D,,YYYYYYY,,,BL,,2020,,0,01,20A-No Parking (Non-COM),,,
8999602941,FDW1043,NY,PAS,08/27/2021,14,SUBN,VOLVO,T,31530,54000,41930,20220825,0079,79,79,345535,T730,G,0744A,,K,F,481,Dekalb Ave,,0,408,C,, YYYYY,0700A,1000A,RD,,2005,,0,01,14-No Standing,,,
8999602989,KKJ2135,NY,PAS,08/30/2021,20,2DSD,BMW,T,73050,18630,67030,20230323,0079,79,79,345535,T730,G,0727A,,K,F,260,Quincy St,,0,408,D,,YYYYYYY,,,WH,,2014,,0,01,20A-No Parking (Non-COM),,,
8999603076,HCB8952,NY,PAS,09/01/2021,14,SUBN,LEXUS,T,55730,26730,41930,20211013,0079,79,79,345535,T730,G,0647A,,K,F,115,Lexington Ave,,0,408,C,,YYYYYYY,,,GY,,2011,,0,01,14-No Standing,,,
8999603090,HEJ8333,NY,PAS,09/01/2021,20,SUBN,MITSU,T,26730,45930,55730,20220304,0079,79,79,345535,T730,G,0700A,,K,F,384,Classon Ave,,0,408,D,,YYYYYYY,,,GY,,2019,,0,01,20A-No Parking (Non-COM),,,
8999603106,73118MM,NY,COM,09/01/2021,14,VAN,FORD,T,31130,54130,45930,20230531,0088,88,88,345535,T730,G,1032A,,K,O,326,Cumberland St,,0,408,C,,YYYYYYY,,,WH,,2019,,0,01,14-No Standing,,,
8999603131,JJZ22447,NY,PAS,09/02/2021,14,SUBN,TOYOT,T,31130,54130,45930,20210907,0088,88,88,345535,T730,G,0650A,,K,O,326,Cumberland St,,0,408,C,,YYYYYYY,,,GREY,,2019,,0,01,14-No Standing,,,
8999603143,KHA3450,NY,PAS,09/02/2021,14,4DSD,MAZDA,T,31130,54130,45930,20230301,0088,88,88,345535,T730,G,0651A,,K,O,326,Cumberland St,,0,408,C,,YYYYYYY,,,GY,,2012,,0,01,14-No Standing,,,
8999603167,JLK6790,NY,PAS,09/02/2021,10,SUBN,HONDA,T,31530,67030,58730,20211106,0079,79,79,345535,T730,G,0812A,,K,O,627,Dekalb Ave,,0,408,B,,YYYYYYY,,,BLUE,,2006,,0,01,10-No Stopping,,,
8999603179,KDX2973,NY,PAS,09/08/2021,14,4DSD,HYUND,T,54130,0,0,20220817,0088,88,88,345535,T730,G,0723A,,K,I,N,Lafayette Ave,70ft E/of St James P,0,408,C,,YYYYYYY,,,BL,,2020,,0,01,14-No Standing,,,
8999603192,KDJ1448,NY,PAS,09/08/2021,14,SUBN,SUBAR,T,31530,46630,74530,20220716,0079,79,79,345535,T730,G,0800A,,K,F,332,Dekalb Ave,,0,408,C,, YYYYY,0700A,0600P,BL,,2005,,0,01,14-No Standing,,,
8999603209,29619JV,NY,COM,09/08/2021,40,VAN,CHEVR,T,54130,0,0,20220831,0079,79,79,345535,T730,G,0951A,,K,I,N,Lafayette Ave,70ft E/of St James P,0,408,E2,,YYYYYYY,,,WH,,2006,,0,01,40-Fire Hydrant,,,
8999603222,KHV4352,NY,PAS,09/09/2021,20,SUBN,FORD,T,45930,45030,26730,20230209,0088,88,88,345535,T730,G,0738A,,K,F,254,Greene Ave,,0,408,D,,YYYYYYY,,,GY,,2021,,0,01,20A-No Parking (Non-COM),,,
8999603234,HEH9919,NY,PAS,09/09/2021,19,SUBN,TOYOT,T,43330,18630,67030,20220124,0079,79,79,345535,T730,G,0750A,,K,O,401,Gates Ave,,0,408,C3,,YYYYYYY,,,GY,,2015,,0,01,19-No Stand (bus stop),,,
8999603258,KRL9656,NY,PAS,09/09/2021,20,4DSD,HONDA,T,73050,18630,67030,20230815,0079,79,79,345535,T730,G,1055A,,K,F,260,Quincy St,,0,408,D,,YYYYYYY,,,RD,,2022,,0,01,20A-No Parking (Non-COM),,,
8999603260,KLT6540,NY,PAS,09/10/2021,20,SUBN,VOLVO,T,26730,45930,55730,20230628,0079,79,79,345535,T730,G,0722A,,K,F,384,Classon Ave,,0,408,D,,YYYYYYY,,,GY,,2009,,0,01,20A-No Parking (Non-COM),,,
8999603271,JPG8897,NY,PAS,09/10/2021,20,4DSD,HONDA,T,26730,45930,55730,20220117,0079,79,79,345535,T730,G,0725A,,K,F,399,Classon Ave,,0,408,D,,YYYYYYY,,,BK,,2017,,0,01,20A-No Parking (Non-COM),,,
8999603283,JHT8547,NY,PAS,09/10/2021,14,SUBN,FORD,T,31130,54130,45930,20230506,0088,88,88,345535,T730,G,0736A,,K,O,326,Cumberland St,,0,408,C,,YYYYYYY,,,WH,,2019,,0,01,14-No Standing,,,
8999603295,HVU7295,NY,PAS,09/14/2021,19,SUBN,TOYOT,T,87330,93230,31530,20211207,0079,79,79,345535,T730,G,0706A,,K,F,262,Vanderbilt Ave,,0,408,C3,,YYYYYYY,,,BL,,2020,,0,01,19-No Stand (bus stop),,,
8999603301,HKT1705,NY,PAS,09/14/2021,14,SUBN,AUDI,T,31530,89730,46630,20220918,0079,79,79,345535,T730,G,0718A,,K,F,321,Dekalb Ave,,0,408,C,, YYYYY,0700A,1000A,BK,,2020,,0,01,14-No Standing,,,
8999603337,KKS8978,NY,PAS,09/15/2021,53,SUBN,FORD,T,31530,46630,74530,20230812,0088,88,88,345535,T730,G,0855A,,K,F,332,De Kalb Ave,,0,408,F6,,YYYYYYY,,,BLACK,,2018,,0,06,53-Safety Zone,,,
8999603349,KLZ4285,NY,PAS,09/15/2021,19,SUBN,KIA,T,45930,0,0,20230330,0088,88,88,345535,T730,G,1106A,,K,I,N,Greene Ave,10ft W/of Washington,0,408,C3,,YYYYYYY,,,RD,,2019,,0,06,19-No Stand (bus stop),,,
8999603386,GAX4296,NY,PAS,09/16/2021,14,SUBN,NISSA,T,55730,26730,41930,20220830,0079,79,79,345535,T730,G,0715A,,K,F,115,Lexington Ave,,0,408,C,,YYYYYYY,,,GY,,2021,,0,01,14-No Standing,,,
8999603398,KEW2135,NY,PAS,09/16/2021,20,SUBN,SUBAR,T,26730,45930,55730,20220821,0088,88,88,345535,T730,G,0730A,,K,F,384,Classon Ave,,0,408,D,,YYYYYYY,,,BK,,2017,,0,01,20A-No Parking (Non-COM),,,
8999603404,GPF2887,NY,PAS,09/16/2021,14,SUBN,JEEP,T,0,0,0,20220610,0088,88,88,345535,T730,G,1002A,,K,I,N,Willoughby Ave,150ft E/of Hall St,0,408,C,,YYYYYYY,,,WH,,2005,,0,01,14-No Standing,,,
8999603416,GXG4543,NY,PAS,09/17/2021,14,4DSD,TOYOT,T,93230,0,0,20230427,0088,88,88,345535,T730,G,0652A,,K,I,S,Willoughby Ave,65ft E/of Hall St,0,408,C,,YYYYYYY,,,TN,,2004,,0,01,14-No Standing,,,
8999603428,JMR8556,NY,PAS,09/17/2021,14,SUBN,NISSA,T,45930,80230,24430,20211213,0088,88,88,345535,T730,G,0708A,,K,F,200,Greene Ave,,0,408,C,,YYYYYYY,,,BK,,2020,,0,01,14-No Standing,,,
8999603430,KNG3217,NY,PAS,09/17/2021,17,4DSD,HONDA,T,31530,46630,74530,20230516,0088,88,88,345535,T730,G,0719A,,K,F,332,Dekalb Ave,,0,408,C4,, YYYYYY,0700A,0600P,GY,,2021,,0,01,17-No Stand (exc auth veh),,,
8999603453,JKC7815,NY,PAS,09/20/2021,14,4DSD,SUZUK,T,31130,54130,45930,20211021,0088,88,88,345535,T730,G,0719A,,K,O,326,Cumberland St,,0,408,C,,YYYYYYY,,,BL,,2011,,0,01,14-No Standing,,,
8999603465,JSC7718,NY,PAS,09/20/2021,20,SUBN,TOYOT,T,27030,63030,93230,20220728,0088,88,88,345535,T730,G,0734A,,K,F,188,Clermont Ave,,0,408,D,,YYYYYYY,,,GY,,2020,,0,01,20A-No Parking (Non-COM),,,
8999603477,JRS5886,NY,PAS,09/20/2021,20,4DSD,NISSA,T,31130,42730,13450,20220508,0088,88,88,345535,T730,G,0755A,,K,O,366,Cumberland St,,0,408,D,, Y,0700A,0700P,BL,,2020,,0,01,20A-No Parking (Non-COM),,,
8999603490,KHL1056,NY,PAS,09/20/2021,14,SUBN,CADIL,T,31130,54130,45930,20221025,0088,88,88,345535,T730,G,1021A,,K,O,326,Cumberland St,,0,408,C,,YYYYYYY,,,GY,,2020,,0,01,14-No Standing,,,
8999603507,KLN1724,NY,PAS,09/21/2021,14,SUBN,MINI,T,93230,0,0,20230506,0088,88,88,345535,T730,G,0700A,,K,I,N,Willoughby Ave,60ft E/of Emerson Pl,0,408,C,,YYYYYYY,,,BL,,2016,,0,01,14-No Standing,,,
8999603520,GTY2539,NY,PAS,09/22/2021,16,4DSD,HONDA,T,90130,54130,45930,20220914,0088,88,88,345535,T730,G,0709A,,K,F,367,Waverly Ave,,0,408,K2,, YYYYY,0700A,0300P,GY,,2014,,0,01,16A-No Std (Com Veh) Non-COM,,,
8999603532,GZZ3804,NY,PAS,09/22/2021,16,SUBN,TOYOT,T,90130,54130,45930,20230615,0088,88,88,345535,T730,G,0711A,,K,F,367,Waverly Ave,,0,408,K2,, YYYYY,0700A,0300P,BL,,2013,,0,01,16A-No Std (Com Veh) Non-COM,,,
8999603544,JMM1519,NY,PAS,09/22/2021,16,SUBN,FORD,T,90130,54130,45930,20211130,0088,88,88,345535,T730,G,0712A,,K,F,371,Waverly Ave,,0,408,K2,, YYYYY,0700A,0300P,GY,,2019,,0,01,16A-No Std (Com Veh) Non-COM,,,
8999603581,GEM8863,NY,PAS,09/23/2021,16,SUBN,SUBAR,T,90130,54130,45930,20230409,0088,88,88,345535,T730,G,0730A,,K,F,367,Waverly Ave,,0,408,K2,, YYYYY,0700A,0300P,GY,,2017,,0,01,16A-No Std (Com Veh) Non-COM,,,
8999603600,KFP4079,NY,PAS,09/29/2021,14,4DSD,FORD,T,0,0,0,20221126,0088,88,88,345535,T730,G,0606A,,K,I,N,Willoughby Ave,150ft E/of Hall St,0,408,C,,YYYYYYY,,,GY,,2014,,0,01,14-No Standing,,,
8999603623,KHF5427,NY,PAS,09/29/2021,16,4DSD,NISSA,T,90130,54130,45930,20221211,0088,88,88,345535,T730,G,1034A,,K,F,367,Waverly Ave,,0,408,K2,, YYYYY,0700A,0300P,GY,,2020,,0,01,16A-No Std (Com Veh) Non-COM,,,
8999603635,KJS1786,NY,PAS,09/29/2021,40,SUBN,CADIL,T,27030,69230,63030,20230104,0088,88,88,345535,T730,G,1103A,,K,F,150,Clermont Ave,,0,408,E2,,YYYYYYY,,,BL,,2019,,1,01,40-Fire Hydrant,,,
8999603647,GNK7593,NY,PAS,09/30/2021,14,SUBN,VOLVO,T,45930,80230,24430,20220227,0088,88,88,345535,T730,G,0612A,,K,O,203,Greene Ave,,0,408,C,,YYYYYYY,,,BK,,2019,,0,01,14-No Standing,,,
8999603684,EAE3456,NY,PAS,10/01/2021,14,4DSD,CHEVR,T,31530,89730,46630,20230727,0088,88,88,345535,T730,G,0750A,,K,F,321,Dekalb Ave,,0,408,C,, YYYYY,0700A,1000A,RD,,2018,,0,01,14-No Standing,,,
8999603696,KRN3439,NY,PAS,10/01/2021,14,4DSD,VOLKS,T,31530,0,0,20211109,0088,88,88,345535,T730,G,0756A,,K,I,W,Dekalb Ave,25ft N/of Clinton Av,0,408,C,, YYYYY,0700A,1000A,BLACK,,2022,,0,01,14-No Standing,,,
8999603702,KPH3372,NY,PAS,10/04/2021,14,4DSD,TESLA,T,65830,0,0,20210730,0090,90,90,345535,T730,G,0744A,,K,I,S,N 1st St,30ft E/of Kent Ave,0,408,C,,YYYYYYY,,,GREEN,,2021,,0,01,14-No Standing,,,
8999603714,KKP6496,NY,PAS,10/04/2021,19,4DSD,CHEVR,T,33030,95030,19530,20230426,0090,90,90,345535,T730,G,0758A,,K,O,65,Division Ave,,0,408,C3,,YYYYYYY,,,GY,,2014,,0,01,19-No Stand (bus stop),,,
8999603726,FPG9708,NY,PAS,10/04/2021,19,SUBN,TOYOT,T,33030,34130,27630,20230630,0090,90,90,345535,T730,G,0809A,,K,F,149,Division Ave,,0,408,C3,,YYYYYYY,,,GY,,2013,,0,01,19-No Stand (bus stop),,,
8999603738,JCX8877,NY,PAS,10/04/2021,14,SUBN,TESLA,T,0,0,0,20220930,0090,90,90,345535,T730,G,1020A,,K,I,N,S 1st St,140ft W/of Kent Ave,0,408,C,,YYYYYYY,,,GY,,2018,,0,01,14-No Standing,,,
8999603740,JRW3006,NY,PAS,10/05/2021,14,SUBN,CHEVR,T,19530,78930,78935,20220712,0090,90,90,345535,T730,G,0702A,,K,O,452,Berry St,,0,408,C,,YYYYYYY,,,GY,,2021,,0,02,14-No Standing,,,
8999603775,DS306S,NY,PAS,10/12/2021,14,4DSD,SATUR,T,31130,54130,45930,20220222,0088,88,88,345535,T730,G,0813A,,K,O,326,Cumberland St,,0,408,C,,YYYYYYY,,,BK,,2003,,0,01,14-No Standing,,,
8999603799,HEP9530,NY,PAS,10/12/2021,19,SUBN,VOLVO,T,43330,0,0,20211217,0079,79,79,345535,T730,G,0845A,,K,I,N,Gates Ave,40ft E/of Classon Av,0,408,C3,,YYYYYYY,,,BL,,2013,,0,01,19-No Stand (bus stop),,,
8999603805,HEP9530,NY,PAS,10/12/2021,75,SUBN,VOLVO,T,43330,0,0,20211217,0079,79,79,345535,T730,G,0921A,,K,I,N,Gates Ave,40ft E/of Classon Av,0,408,J5,,YYYYYYY,,,BL,,2013,,0,01,75-No Match-Plate/Reg. Sticker,,,
8999700859,JPV7392,NY,PAS,06/28/2021,20,SUBN,NISSA,T,74630,64330,5280,20220805,0076,76,76,342989,T730,E,0431P,,K,O,564,Sackett St,,0,408,D,,YYYYYYY,,,GY,,2020,,0,12,20A-No Parking (Non-COM),,,
8999700860,JHR2570,NY,PAS,06/29/2021,14,4DSD,MAZDA,T,42730,79030,79430,20230616,0088,88,88,342989,T730,E,0224P,,K,F,672,Fulton St,,0,408,C,, YYYYY,0200P,0700P,GY,,2012,,0,12,14-No Standing,,,
8999700872,HDF4057,NY,PAS,06/29/2021,14,SUBN,FORD,T,42730,79430,45930,20211217,0088,88,88,342989,T730,E,0230P,,K,F,708,Fulton St,,0,408,C,, YYYYY,0200P,0700P,RD,,2013,,0,12,14-No Standing,,,
8999700926,GKB2968,NY,PAS,07/06/2021,14,2DSD,HONDA,T,23330,0,0,20211008,0067,67,67,342989,T730,E,0302P,,K,I,E,Brooklyn Ave,40ft N/of Linden Blv,0,408,C,,YYYYYYY,,,BL,,2013,,0,12,14-No Standing,,,
8999700938,KJM7360,NY,PAS,07/06/2021,14,4DSD,TOYOT,T,67530,12330,73170,20230116,0070,70,70,342989,T730,E,0551P,,K,O,665,Ocean Ave,,0,408,C,, YYYYY,0400P,0700P,GY,,2002,,0,12,14-No Standing,,,
8999700975,KPK4676,NY,PAS,07/09/2021,40,2DSD,HYUN,T,36480,55330,56230,20230620,0070,70,70,342989,T730,E,0252P,,K,O,160,E 37th St,,0,408,E2,,YYYYYYY,,,GY,,2010,,3,12,40-Fire Hydrant,,,
8999700987,JSC5037,NY,PAS,07/10/2021,14,4DSD,HONDA,T,13430,70370,67030,20220612,0079,79,79,342989,T730,E,0738A,,K,F,1229,Atlantic Ave,,0,408,C,, YYYYYY,0700A,1000A,GY,,2017,,0,12,14-No Standing,,,
8999700999,JNM6710,NY,PAS,07/10/2021,20,SUBN,VOLVO,T,54130,58730,85730,20211226,0079,79,79,342989,T730,E,1000A,,K,F,671,Lafayette Ave,,0,408,D,,YYYYYYY,,,GY,,2010,,0,12,20A-No Parking (Non-COM),,,
8999701001,KNH8916,NY,PAS,07/15/2021,40,SUBN,ACURA,T,18630,13880,65030,20230724,0067,67,67,342989,T730,E,0303P,,K,O,2578,Bedford Ave,,0,408,E2,,YYYYYYY,,,GY,,2020,,1,12,40-Fire Hydrant,,,
8999701049,JJT5845,NY,PAS,07/19/2021,14,4DSD,VOLKS,T,42730,24730,11830,20210926,0088,88,88,342989,T730,E,0231P,,K,F,770,Fulton St,,0,408,C,, YYYYY,0200P,0700P,BK,,2009,,0,12,14-No Standing,,,
8999701050,HUE9821,NY,PAS,07/19/2021,14,SUBN,TOYOT,T,42730,24730,11830,20210818,0088,88,88,342989,T730,E,0411P,,K,F,770,Fulton St,,0,408,C,, YYYYY,0200P,0700P,GY,,2017,,0,12,14-No Standing,,,
8999701086,KNG4254,NY,PAS,08/24/2021,14,4DSD,KIA,T,42730,79430,45930,20230529,0088,88,88,342989,T730,E,0225P,,K,F,698,Fulton St,,0,408,C,, YYYYY,0200P,0700P,GY,,2021,,0,12,14-No Standing,,,
8999701098,HVC4442,NY,PAS,08/31/2021,14,SUBN,ACURA,T,42730,87330,27430,20210905,0088,88,88,342989,T730,E,0214P,,K,F,848,Fulton St,,0,408,C,, YYYYY,0200P,0700P,GY,,2020,,0,12,14-No Standing,,,
8999701104,KJA7461,NY,PAS,08/31/2021,20,SUBN,VOLVO,T,70430,48830,61630,20221109,0084,84,84,342989,T730,E,0437P,,K,F,104,Pierrepont St,,0,408,D,,  Y,0800A,0600P,BL,,2016,,0,12,20A-No Parking (Non-COM),,,
8999701116,HNJ2820,NY,PAS,09/01/2021,14,4DSD,HONDA,T,42730,24730,11830,20230319,0088,88,88,342989,T730,E,0712A,,K,O,770,Fulton St,,0,408,C,, YYYYY,0700A,1000A,GY,,2020,,0,12,14-No Standing,,,
8999701130,FXL2007,NY,PAS,09/03/2021,14,SUBN,TOYOT,T,42730,24730,11830,20220228,0088,88,88,342989,T730,E,0218P,,K,F,770,Fulton St,,0,408,C,, YYYYY,0200P,0700P,TN,,0,,0,12,14-No Standing,,,
8999701141,KKF7977,NY,PAS,09/03/2021,14,4DSD,NISSA,T,42730,54130,79030,20230430,0088,88,88,342989,T730,E,0318P,,K,F,650,Fulton St,,0,408,C,, YYYYY,0200P,0700P,RD,,2010,,0,12,14-No Standing,,,
8999701189,GJZ4231,NY,PAS,09/07/2021,14,SUBN,FORD,T,42730,54130,79030,20220124,0088,88,88,342989,T730,E,0220P,,K,F,662,Fulton St,,0,408,C,, YYYYY,0200P,0700P,GY,,2021,,0,12,14-No Standing,,,
8999701190,HWT2741,NY,PAS,09/07/2021,14,4DSD,CHEVR,T,42730,90130,89730,20211120,0088,88,88,342989,T730,E,0234P,,K,F,900,Fulton St,,0,408,C,, YYYYY,0200P,0700P,GY,,2017,,0,12,14-No Standing,,,
8999701220,HWD8549,NY,PAS,09/08/2021,70,4DSD,INFIN,T,14530,0,0,20210816,0063,63,63,342989,T730,E,0440P,,K,I,N,Avenue S,60ft E/of E 52nd St,0,408,J3,,YYYYYYY,,,GY,,2007,,0,12,70A-Reg. Sticker Expired (NYS),,,
8999701232,HWD8549,NY,PAS,09/08/2021,71,4DSD,INFIN,T,14530,0,0,20210816,0063,63,63,342989,T730,E,0446P,,K,I,N,Avenue S,60ft E/of E 52nd St,0,408,J6,,YYYYYYY,,,GY,,2007,,0,12,71-Insp. Sticker Missing (NYS,,,
8999701244,HWD8549,NY,PAS,09/08/2021,74,4DSD,INFIN,T,14530,0,0,20210816,0063,63,63,342989,T730,E,0447P,,K,I,N,Avenue S,60ft E/of E 52nd St,0,408,J2,,YYYYYYY,,,GY,,2007,,0,12,74-Missing Display Plate,,,
8999701256,HTK3475,NY,PAS,09/09/2021,14,SUBN,NISSA,T,60535,34230,44530,20210817,0084,84,84,342989,T730,E,0509P,,K,F,4,Metrotech Ctr,,0,408,C,,YYYYYYY,,,BK,,2015,,0,12,14-No Standing,,,
8999701268,JBY8212,NY,PAS,09/10/2021,14,4DSD,NISSA,T,42730,31130,24730,20220723,0088,88,88,342989,T730,E,0715A,,K,O,732,Fulton St,,0,408,C,, YYYYY,0700A,1000A,BK,,2015,,0,12,14-No Standing,,,
8999701270,KLT8088,NY,PAS,09/10/2021,14,4DSD,LINCO,T,42730,24730,11830,20230829,0088,88,88,342989,T730,E,0806A,,K,O,770,Fulton St,,0,408,C,, YYYYY,0700A,1000A,DKB,,2009,,0,12,14-No Standing,,,
8999701293,HHS1861,NY,PAS,09/14/2021,14,4DSD,NISSA,T,42730,45930,31130,20220629,0088,88,88,342989,T730,E,0210P,,K,F,724,Fulton St,,0,408,C,, YYYYY,0200P,0700P,GY,,2012,,0,12,14-No Standing,,,
8999701359,KNR8634,NY,PAS,09/17/2021,16,SUBN,KIA,T,51030,42730,56530,20230422,0084,84,84,342989,T730,E,0408P,,K,O,1,Hoyt St,,0,408,K2,,YYYYYYY,,,RD,,2021,,0,12,16A-No Std (Com Veh) Non-COM,,,
8999701384,HKK8083,NY,PAS,09/20/2021,14,SUBN,VOLVO,T,42730,45930,31130,20230102,0088,88,88,342989,T730,E,0241P,,K,F,720,Fulton St,,0,408,C,, YYYYY,0200P,0700P,BK,,2014,,0,12,14-No Standing,,,
8999701396,KKA5271,NY,PAS,09/21/2021,20,SUBN,SUBAR,T,48830,68330,70730,20230504,0084,84,84,342989,T730,E,0228P,,K,O,75,Henry St,,0,408,D,,YYYYYYY,,,GY,,2021,,0,12,20A-No Parking (Non-COM),,,
8999701402,KET6146,NY,PAS,09/21/2021,16,4DSD,VOLKS,T,24230,20530,64330,20221104,0076,76,76,342989,T730,E,0325P,,K,O,233,Butler St,,0,408,K2,, YYYYY,0800A,0400P,GY,,2017,,0,12,16A-No Std (Com Veh) Non-COM,,,
8999701426,JGP8036,NY,PAS,09/23/2021,18,SUBN,VOLVO,T,42730,79430,45930,20230527,0088,88,88,342989,T730,E,0239P,,K,F,708,Fulton St,,0,408,F4,, YYYYY,0200P,0700P,RD,,2019,,0,12,18-No Stand (bus lane),,,
8999701440,KFS5574,NY,PAS,09/25/2021,16,4DSD,NISSA,T,34670,11720,11110,20230815,0010,10,10,342989,T730,E,0748A,,NY,O,550,W 45th St,,0,408,K2,, YYYYYY,0700A,0700P,BL,,2021,,0,12,16A-No Std (Com Veh) Non-COM,,,
8999701451,KJX6002,NY,PAS,09/25/2021,16,4DSD,TOYOT,T,34670,11720,11110,20230527,0018,18,18,342989,T730,E,0912A,,NY,F,545,W 45th St,,0,408,K2,, YYYYYY,0700A,0700P,BK,,2017,,0,12,16A-No Std (Com Veh) Non-COM,,,
8999701475,KGR2922,NY,PAS,09/27/2021,40,SUBN,MITSU,T,15180,20530,64330,20221216,0076,76,76,342989,T730,E,0352P,,K,F,458,Baltic St,,0,408,E2,,YYYYYYY,,,BK,,2020,,3,12,40-Fire Hydrant,,,
8999701487,KGR2922,NY,PAS,09/27/2021,71,SUBN,MITSU,T,15180,20530,64330,20221216,0076,76,76,342989,T730,E,0355P,,K,F,458,Baltic St,,0,408,J6,,YYYYYYY,,,BK,,2020,,0,12,71-Insp. Sticker Missing (NYS,,,
8999701499,GXF4038,NY,PAS,09/29/2021,14,SUBN,HONDA,T,42730,24730,11830,20230306,0088,88,88,342989,T730,E,0250P,,K,F,770,Fulton St,,0,408,C,, YYYYY,0200P,0700P,BL,,2011,,0,12,14-No Standing,,,
8999701530,JEA4060,NY,PAS,10/02/2021,14,4DSD,TOYOT,T,27530,53830,56530,20230110,0084,84,84,342989,T730,E,0451P,,K,F,130,Clinton St,,0,408,C,,YYYYYYY,,,RD,,2007,,0,12,14-No Standing,,,
8999701542,KDZ7288,NY,PAS,10/02/2021,14,SUBN,NISSA,T,60535,34230,44530,20220923,0084,84,84,342989,T730,E,0555P,,K,F,4,Metrotech Ctr,,0,408,C,,YYYYYYY,,,WH,,2019,,0,12,14-No Standing,,,
8999701578,GZZ6537,NY,PAS,10/05/2021,14,4DSD,SUBAR,T,67530,18950,35140,20230629,0070,70,70,342989,T730,E,0452P,,K,O,75,Ocean Ave,,0,408,C,, YYYYY,0400P,0700P,BK,,2015,,0,12,14-No Standing,,,
8999701591,JHU4067,NY,PAS,10/06/2021,14,SUBN,NISSA,T,42730,24730,11830,20230524,0088,88,88,342989,T730,E,0330P,,K,F,770,Fulton St,,0,408,C,, YYYYY,0200P,0700P,GY,,2016,,0,12,14-No Standing,,,
8999701608,DXW5166,NY,PAS,10/07/2021,16,4DSD,HONDA,T,86630,77930,85530,20230502,0067,67,67,342989,T730,E,0348P,,K,F,987,Utica Ave,,0,408,K2,, YYYYY,0800A,0600P,RD,,2015,,0,12,16A-No Std (Com Veh) Non-COM,,,
8999701633,KKX1319,NY,PAS,10/13/2021,14,2DSD,HONDA,T,13430,86030,75430,20230406,0077,77,77,342989,T730,E,0435P,,K,F,1690,Atlantic Ave,,0,408,C,, YYYYY,0400P,0700P,GY,,2010,,0,12,14-No Standing,,,
8999701645,HUW3005,NY,PAS,10/14/2021,50,4DSD,NISSA,T,0,0,0,20211107,0088,88,88,342989,T730,E,0219P,,K,I,W,Clinton Ave,0ft N/of Atlantic Av,0,408,E5,,YYYYYYY,,,BK,,2015,,0,12,50-Crosswalk,,,
8999701657,HPB5173,NY,PAS,10/14/2021,14,SUBN,NISSA,T,13430,86030,75430,20230517,0077,77,77,342989,T730,E,0424P,,K,F,1720,Atlantic Ave,,0,408,C,, YYYYY,0400P,0700P,WH,,2008,,0,12,14-No Standing,,,
8999701669,JMD2097,NY,PAS,10/16/2021,20,SUBN,NISSA,T,42730,26830,41930,20211025,0088,88,88,342989,T730,E,1001A,,K,F,1098,Fulton St,,0,408,D,,YYYYYYY,,,GY,,2017,,0,12,20A-No Parking (Non-COM),,,
8999701682,HMN6586,NY,PAS,10/18/2021,14,SUBN,CHEVR,T,31130,42730,13450,20221230,0088,88,88,342989,T730,E,0230P,,K,O,354,Cumberland St,,0,408,C,,YYYYYYY,,,BL,,2020,,0,12,14-No Standing,,,
8999701700,HSC5545,NY,PAS,10/20/2021,20,4DSD,NISSA,T,63030,85730,85330,20230609,0079,79,79,342989,T730,E,0254P,,K,O,924,Myrtle Ave,,0,408,D,, YYYYY,0800A,0600P,WH,,0,,0,12,20A-No Parking (Non-COM),,,
8999701736,JPS9444,NY,PAS,10/22/2021,40,SUBN,TOYOT,T,27430,45930,43330,20220602,0088,88,88,342989,T730,E,0453P,,K,F,419,Clinton Ave,,0,408,E2,,YYYYYYY,,,GY,,2015,,4,12,40-Fire Hydrant,,,
8999701750,KLF7020,NY,PAS,10/26/2021,19,4DSD,HONDA,T,87525,73255,59130,20230326,0088,88,88,342989,T730,E,0313P,,K,F,256,Vandervoort Ave,,0,408,C3,,YYYYYYY,,,BK,,2015,,0,12,19-No Stand (bus stop),,,
